word	nodeType	synsetCount	unit
yellow	ADJ	8	jacobs-ladder-script
vietnamese	ADJ	3	jacobs-ladder-script
lazy	ADJ	2	jacobs-ladder-script
soporific	ADJ	3	jacobs-ladder-script
several	ADJ	3	jacobs-ladder-script
many	ADJ	1	jacobs-ladder-script
right	ADJ	36	jacobs-ladder-script
adolescent	ADJ	5	jacobs-ladder-script
frightened	ADJ	4	jacobs-ladder-script
wrong	ADJ	13	jacobs-ladder-script
terrific	ADJ	3	jacobs-ladder-script
wide	ADJ	11	jacobs-ladder-script
frenzied	ADJ	2	jacobs-ladder-script
tall	ADJ	5	jacobs-ladder-script
sudden	ADJ	1	jacobs-ladder-script
demonic	ADJ	1	jacobs-ladder-script
horrifying	ADJ	2	jacobs-ladder-script
glimmer	ADJ	3	jacobs-ladder-script
More	ADJ	5	jacobs-ladder-script
first	ADJ	16	jacobs-ladder-script
shadowy	ADJ	3	jacobs-ladder-script
agonizing	ADJ	3	jacobs-ladder-script
loud	ADJ	4	jacobs-ladder-script
sudden	ADJ	1	jacobs-ladder-script
long	ADJ	12	jacobs-ladder-script
dark	ADJ	16	jacobs-ladder-script
enormous	ADJ	1	jacobs-ladder-script
brilliant	ADJ	6	jacobs-ladder-script
light	ADJ	47	jacobs-ladder-script
last	ADJ	21	jacobs-ladder-script
confused	ADJ	10	jacobs-ladder-script
certain	ADJ	7	jacobs-ladder-script
empty	ADJ	10	jacobs-ladder-script
hemorrhoid	ADJ	1	jacobs-ladder-script
thick	ADJ	13	jacobs-ladder-script
obvious	ADJ	1	jacobs-ladder-script
mid-	ADJ	0	jacobs-ladder-script
surprising	ADJ	4	jacobs-ladder-script
restless	ADJ	3	jacobs-ladder-script
deserted	ADJ	4	jacobs-ladder-script
dark	ADJ	16	jacobs-ladder-script
next	ADJ	4	jacobs-ladder-script
disgust	ADJ	3	jacobs-ladder-script
open	ADJ	36	jacobs-ladder-script
frightened	ADJ	4	jacobs-ladder-script
simple	ADJ	9	jacobs-ladder-script
asleep	ADJ	5	jacobs-ladder-script
rican	ADJ	0	jacobs-ladder-script
glad	ADJ	5	jacobs-ladder-script
other	ADJ	4	jacobs-ladder-script
only	ADJ	9	jacobs-ladder-script
other	ADJ	4	jacobs-ladder-script
old	ADJ	9	jacobs-ladder-script
asleep	ADJ	5	jacobs-ladder-script
only	ADJ	9	jacobs-ladder-script
overhead	ADJ	9	jacobs-ladder-script
old	ADJ	9	jacobs-ladder-script
brief	ADJ	6	jacobs-ladder-script
slight	ADJ	5	jacobs-ladder-script
long	ADJ	12	jacobs-ladder-script
red	ADJ	7	jacobs-ladder-script
fleshy	ADJ	2	jacobs-ladder-script
only	ADJ	9	jacobs-ladder-script
fearful	ADJ	5	jacobs-ladder-script
dark	ADJ	16	jacobs-ladder-script
huge	ADJ	1	jacobs-ladder-script
about	ADJ	8	jacobs-ladder-script
other	ADJ	4	jacobs-ladder-script
far	ADJ	10	jacobs-ladder-script
impossible	ADJ	4	jacobs-ladder-script
comfortable	ADJ	5	jacobs-ladder-script
stepping	ADJ	10	jacobs-ladder-script
unseen	ADJ	2	jacobs-ladder-script
oily	ADJ	4	jacobs-ladder-script
fucking	ADJ	4	jacobs-ladder-script
postal	ADJ	1	jacobs-ladder-script
light	ADJ	47	jacobs-ladder-script
frightened	ADJ	4	jacobs-ladder-script
sure	ADJ	10	jacobs-ladder-script
phenomenal	ADJ	2	jacobs-ladder-script
brilliant	ADJ	6	jacobs-ladder-script
near	ADJ	9	jacobs-ladder-script
short	ADJ	23	jacobs-ladder-script
few	ADJ	2	jacobs-ladder-script
lone	ADJ	3	jacobs-ladder-script
rear	ADJ	11	jacobs-ladder-script
quiet	ADJ	13	jacobs-ladder-script
afraid	ADJ	4	jacobs-ladder-script
other	ADJ	4	jacobs-ladder-script
heavy	ADJ	30	jacobs-ladder-script
total	ADJ	7	jacobs-ladder-script
sudden	ADJ	1	jacobs-ladder-script
muffled	ADJ	4	jacobs-ladder-script
alone	ADJ	6	jacobs-ladder-script
sure	ADJ	10	jacobs-ladder-script
low	ADJ	16	jacobs-ladder-script
open	ADJ	36	jacobs-ladder-script
naked	ADJ	5	jacobs-ladder-script
naked	ADJ	5	jacobs-ladder-script
bound	ADJ	27	jacobs-ladder-script
bound	ADJ	27	jacobs-ladder-script
own	ADJ	2	jacobs-ladder-script
human	ADJ	4	jacobs-ladder-script
white	ADJ	25	jacobs-ladder-script
full	ADJ	13	jacobs-ladder-script
open	ADJ	36	jacobs-ladder-script
painful	ADJ	4	jacobs-ladder-script
massive	ADJ	4	jacobs-ladder-script
dark	ADJ	16	jacobs-ladder-script
huge	ADJ	1	jacobs-ladder-script
monolithic	ADJ	2	jacobs-ladder-script
vast	ADJ	1	jacobs-ladder-script
long	ADJ	12	jacobs-ladder-script
impersonal	ADJ	2	jacobs-ladder-script
tiny	ADJ	1	jacobs-ladder-script
unsuccessful	ADJ	2	jacobs-ladder-script
"woman""s"	ADJ	0	jacobs-ladder-script
sleepy	ADJ	1	jacobs-ladder-script
pleasant	ADJ	2	jacobs-ladder-script
happy	ADJ	4	jacobs-ladder-script
sleepy	ADJ	1	jacobs-ladder-script
disheveled	ADJ	2	jacobs-ladder-script
good	ADJ	27	jacobs-ladder-script
obvious	ADJ	1	jacobs-ladder-script
beefy	ADJ	1	jacobs-ladder-script
juicy	ADJ	4	jacobs-ladder-script
sensual	ADJ	2	jacobs-ladder-script
late	ADJ	11	jacobs-ladder-script
double	ADJ	21	jacobs-ladder-script
dense	ADJ	4	jacobs-ladder-script
dark	ADJ	16	jacobs-ladder-script
vietnamese	ADJ	3	jacobs-ladder-script
right	ADJ	36	jacobs-ladder-script
left	ADJ	24	jacobs-ladder-script
impossible	ADJ	4	jacobs-ladder-script
awake	ADJ	3	jacobs-ladder-script
few	ADJ	2	jacobs-ladder-script
disgusted	ADJ	3	jacobs-ladder-script
out	ADJ	17	jacobs-ladder-script
large	ADJ	11	jacobs-ladder-script
little	ADJ	10	jacobs-ladder-script
weird	ADJ	3	jacobs-ladder-script
biblical	ADJ	2	jacobs-ladder-script
real	ADJ	13	jacobs-ladder-script
ninny	ADJ	1	jacobs-ladder-script
good	ADJ	27	jacobs-ladder-script
good	ADJ	27	jacobs-ladder-script
fantastic	ADJ	5	jacobs-ladder-script
real	ADJ	13	jacobs-ladder-script
good	ADJ	27	jacobs-ladder-script
more	ADJ	5	jacobs-ladder-script
wrong	ADJ	13	jacobs-ladder-script
own	ADJ	2	jacobs-ladder-script
unable	ADJ	3	jacobs-ladder-script
small	ADJ	13	jacobs-ladder-script
silent	ADJ	6	jacobs-ladder-script
sorry	ADJ	4	jacobs-ladder-script
cute	ADJ	2	jacobs-ladder-script
little	ADJ	10	jacobs-ladder-script
other	ADJ	4	jacobs-ladder-script
other	ADJ	4	jacobs-ladder-script
frozen	ADJ	17	jacobs-ladder-script
happy	ADJ	4	jacobs-ladder-script
unfocused	ADJ	2	jacobs-ladder-script
obscure	ADJ	11	jacobs-ladder-script
much	ADJ	7	jacobs-ladder-script
amazing	ADJ	4	jacobs-ladder-script
whole	ADJ	8	jacobs-ladder-script
final	ADJ	5	jacobs-ladder-script
several	ADJ	3	jacobs-ladder-script
cool	ADJ	11	jacobs-ladder-script
tiny	ADJ	1	jacobs-ladder-script
gettin	ADJ	0	jacobs-ladder-script
postal	ADJ	1	jacobs-ladder-script
surprised	ADJ	4	jacobs-ladder-script
crowded	ADJ	5	jacobs-ladder-script
46th	ADJ	1	jacobs-ladder-script
back	ADJ	28	jacobs-ladder-script
heavy	ADJ	30	jacobs-ladder-script
heavyset	ADJ	1	jacobs-ladder-script
dark	ADJ	16	jacobs-ladder-script
cluttered	ADJ	2	jacobs-ladder-script
back	ADJ	28	jacobs-ladder-script
heavy	ADJ	30	jacobs-ladder-script
chinese	ADJ	4	jacobs-ladder-script
nice	ADJ	6	jacobs-ladder-script
wrong	ADJ	13	jacobs-ladder-script
other	ADJ	4	jacobs-ladder-script
good	ADJ	27	jacobs-ladder-script
lucky	ADJ	3	jacobs-ladder-script
agitated	ADJ	8	jacobs-ladder-script
curious	ADJ	3	jacobs-ladder-script
terrifying	ADJ	2	jacobs-ladder-script
frightening	ADJ	4	jacobs-ladder-script
old	ADJ	9	jacobs-ladder-script
strange	ADJ	3	jacobs-ladder-script
cold	ADJ	16	jacobs-ladder-script
alive	ADJ	7	jacobs-ladder-script
strange	ADJ	3	jacobs-ladder-script
motionless	ADJ	1	jacobs-ladder-script
old	ADJ	9	jacobs-ladder-script
frightened	ADJ	4	jacobs-ladder-script
rear	ADJ	11	jacobs-ladder-script
huge	ADJ	1	jacobs-ladder-script
34th	ADJ	1	jacobs-ladder-script
distracted	ADJ	3	jacobs-ladder-script
vast	ADJ	1	jacobs-ladder-script
left	ADJ	24	jacobs-ladder-script
several	ADJ	3	jacobs-ladder-script
french	ADJ	5	jacobs-ladder-script
wrong	ADJ	13	jacobs-ladder-script
glad	ADJ	5	jacobs-ladder-script
long	ADJ	12	jacobs-ladder-script
tense	ADJ	8	jacobs-ladder-script
other	ADJ	4	jacobs-ladder-script
right	ADJ	36	jacobs-ladder-script
other	ADJ	4	jacobs-ladder-script
right	ADJ	36	jacobs-ladder-script
whole	ADJ	8	jacobs-ladder-script
absent	ADJ	4	jacobs-ladder-script
much	ADJ	7	jacobs-ladder-script
rapid	ADJ	3	jacobs-ladder-script
good	ADJ	27	jacobs-ladder-script
new	ADJ	12	jacobs-ladder-script
orthodontist	ADJ	1	jacobs-ladder-script
much	ADJ	7	jacobs-ladder-script
kind	ADJ	4	jacobs-ladder-script
same	ADJ	6	jacobs-ladder-script
small	ADJ	13	jacobs-ladder-script
other	ADJ	4	jacobs-ladder-script
strong	ADJ	10	jacobs-ladder-script
loud	ADJ	4	jacobs-ladder-script
alive	ADJ	7	jacobs-ladder-script
visible	ADJ	3	jacobs-ladder-script
deep	ADJ	21	jacobs-ladder-script
weird	ADJ	3	jacobs-ladder-script
overgrown	ADJ	5	jacobs-ladder-script
more	ADJ	5	jacobs-ladder-script
okay	ADJ	4	jacobs-ladder-script
good	ADJ	27	jacobs-ladder-script
gray	ADJ	15	jacobs-ladder-script
gray	ADJ	15	jacobs-ladder-script
garish	ADJ	1	jacobs-ladder-script
inexpensive	ADJ	1	jacobs-ladder-script
tawdry	ADJ	2	jacobs-ladder-script
pathetic	ADJ	3	jacobs-ladder-script
few	ADJ	2	jacobs-ladder-script
blasphemous	ADJ	2	jacobs-ladder-script
local	ADJ	5	jacobs-ladder-script
sweet	ADJ	16	jacobs-ladder-script
green	ADJ	14	jacobs-ladder-script
black	ADJ	22	jacobs-ladder-script
full	ADJ	13	jacobs-ladder-script
young	ADJ	14	jacobs-ladder-script
few	ADJ	2	jacobs-ladder-script
young	ADJ	14	jacobs-ladder-script
young	ADJ	14	jacobs-ladder-script
young	ADJ	14	jacobs-ladder-script
huge	ADJ	1	jacobs-ladder-script
back	ADJ	28	jacobs-ladder-script
human	ADJ	4	jacobs-ladder-script
young	ADJ	14	jacobs-ladder-script
sensual	ADJ	2	jacobs-ladder-script
quiet	ADJ	13	jacobs-ladder-script
reflective	ADJ	3	jacobs-ladder-script
such	ADJ	2	jacobs-ladder-script
erotic	ADJ	2	jacobs-ladder-script
nude	ADJ	5	jacobs-ladder-script
left	ADJ	24	jacobs-ladder-script
right	ADJ	36	jacobs-ladder-script
last	ADJ	21	jacobs-ladder-script
annoyed	ADJ	3	jacobs-ladder-script
barricaded	ADJ	4	jacobs-ladder-script
closed	ADJ	26	jacobs-ladder-script
low	ADJ	16	jacobs-ladder-script
human	ADJ	4	jacobs-ladder-script
naked	ADJ	5	jacobs-ladder-script
other	ADJ	4	jacobs-ladder-script
naked	ADJ	5	jacobs-ladder-script
disinterested	ADJ	1	jacobs-ladder-script
furious	ADJ	3	jacobs-ladder-script
least	ADJ	3	jacobs-ladder-script
least	ADJ	3	jacobs-ladder-script
fucking	ADJ	4	jacobs-ladder-script
right	ADJ	36	jacobs-ladder-script
early	ADJ	9	jacobs-ladder-script
tiny	ADJ	1	jacobs-ladder-script
vasuum	ADJ	0	jacobs-ladder-script
puffy	ADJ	3	jacobs-ladder-script
few	ADJ	2	jacobs-ladder-script
minf	ADJ	0	jacobs-ladder-script
main	ADJ	5	jacobs-ladder-script
reception	ADJ	5	jacobs-ladder-script
new	ADJ	12	jacobs-ladder-script
long	ADJ	12	jacobs-ladder-script
out-	ADJ	0	jacobs-ladder-script
happy	ADJ	4	jacobs-ladder-script
several	ADJ	3	jacobs-ladder-script
sorry	ADJ	4	jacobs-ladder-script
ridiculous	ADJ	3	jacobs-ladder-script
fucking	ADJ	4	jacobs-ladder-script
psychiatric	ADJ	1	jacobs-ladder-script
social	ADJ	7	jacobs-ladder-script
glad	ADJ	5	jacobs-ladder-script
social	ADJ	7	jacobs-ladder-script
tiny	ADJ	1	jacobs-ladder-script
african	ADJ	2	jacobs-ladder-script
like	ADJ	11	jacobs-ladder-script
demonic	ADJ	1	jacobs-ladder-script
angry	ADJ	3	jacobs-ladder-script
interior	ADJ	8	jacobs-ladder-script
mental	ADJ	5	jacobs-ladder-script
specific	ADJ	6	jacobs-ladder-script
surprised	ADJ	4	jacobs-ladder-script
sorry	ADJ	4	jacobs-ladder-script
stunned	ADJ	6	jacobs-ladder-script
last	ADJ	21	jacobs-ladder-script
okay	ADJ	4	jacobs-ladder-script
okay	ADJ	4	jacobs-ladder-script
frightened	ADJ	4	jacobs-ladder-script
confused	ADJ	10	jacobs-ladder-script
alright	ADJ	4	jacobs-ladder-script
okay	ADJ	4	jacobs-ladder-script
crowded	ADJ	5	jacobs-ladder-script
small	ADJ	13	jacobs-ladder-script
bad	ADJ	17	jacobs-ladder-script
same	ADJ	6	jacobs-ladder-script
fixated	ADJ	4	jacobs-ladder-script
strange	ADJ	3	jacobs-ladder-script
loud	ADJ	4	jacobs-ladder-script
insistent	ADJ	2	jacobs-ladder-script
several	ADJ	3	jacobs-ladder-script
attractive	ADJ	3	jacobs-ladder-script
black	ADJ	22	jacobs-ladder-script
close	ADJ	37	jacobs-ladder-script
playful	ADJ	1	jacobs-ladder-script
serious	ADJ	6	jacobs-ladder-script
other	ADJ	4	jacobs-ladder-script
unusual	ADJ	3	jacobs-ladder-script
married	ADJ	5	jacobs-ladder-script
married	ADJ	5	jacobs-ladder-script
strange	ADJ	3	jacobs-ladder-script
short	ADJ	23	jacobs-ladder-script
short	ADJ	23	jacobs-ladder-script
terrific	ADJ	3	jacobs-ladder-script
funny	ADJ	5	jacobs-ladder-script
dead	ADJ	21	jacobs-ladder-script
loose	ADJ	18	jacobs-ladder-script
loose	ADJ	18	jacobs-ladder-script
strong	ADJ	10	jacobs-ladder-script
insistent	ADJ	2	jacobs-ladder-script
smokey	ADJ	0	jacobs-ladder-script
strange	ADJ	3	jacobs-ladder-script
distorted	ADJ	7	jacobs-ladder-script
obvious	ADJ	1	jacobs-ladder-script
embarrassed	ADJ	4	jacobs-ladder-script
unconvincing	ADJ	2	jacobs-ladder-script
strange	ADJ	3	jacobs-ladder-script
distant	ADJ	5	jacobs-ladder-script
uncomfortable	ADJ	2	jacobs-ladder-script
shocked	ADJ	8	jacobs-ladder-script
several	ADJ	3	jacobs-ladder-script
pregnant	ADJ	3	jacobs-ladder-script
naked	ADJ	5	jacobs-ladder-script
next	ADJ	4	jacobs-ladder-script
terrifying	ADJ	2	jacobs-ladder-script
such	ADJ	2	jacobs-ladder-script
enormous	ADJ	1	jacobs-ladder-script
tortured	ADJ	3	jacobs-ladder-script
such	ADJ	2	jacobs-ladder-script
unearthly	ADJ	2	jacobs-ladder-script
smooth	ADJ	12	jacobs-ladder-script
sexy	ADJ	2	jacobs-ladder-script
loose	ADJ	18	jacobs-ladder-script
fitting	ADJ	15	jacobs-ladder-script
strange	ADJ	3	jacobs-ladder-script
surprised	ADJ	4	jacobs-ladder-script
wild	ADJ	17	jacobs-ladder-script
huge	ADJ	1	jacobs-ladder-script
satisfied	ADJ	5	jacobs-ladder-script
obvious	ADJ	1	jacobs-ladder-script
own	ADJ	2	jacobs-ladder-script
confused	ADJ	10	jacobs-ladder-script
erotic	ADJ	2	jacobs-ladder-script
bizarre	ADJ	1	jacobs-ladder-script
horrible	ADJ	1	jacobs-ladder-script
primal	ADJ	2	jacobs-ladder-script
spiked	ADJ	7	jacobs-ladder-script
excited	ADJ	12	jacobs-ladder-script
perverse	ADJ	3	jacobs-ladder-script
corrupt	ADJ	8	jacobs-ladder-script
normal	ADJ	5	jacobs-ladder-script
spastic	ADJ	4	jacobs-ladder-script
delirious	ADJ	2	jacobs-ladder-script
desperate	ADJ	7	jacobs-ladder-script
dark	ADJ	16	jacobs-ladder-script
strange	ADJ	3	jacobs-ladder-script
bright	ADJ	11	jacobs-ladder-script
total	ADJ	7	jacobs-ladder-script
sparkling	ADJ	7	jacobs-ladder-script
exhilarating	ADJ	3	jacobs-ladder-script
dazzling	ADJ	4	jacobs-ladder-script
sensual	ADJ	2	jacobs-ladder-script
spectacular	ADJ	4	jacobs-ladder-script
compelling	ADJ	4	jacobs-ladder-script
hard	ADJ	22	jacobs-ladder-script
insistent	ADJ	2	jacobs-ladder-script
heavy	ADJ	30	jacobs-ladder-script
stroboscopic	ADJ	0	jacobs-ladder-script
intense	ADJ	3	jacobs-ladder-script
red	ADJ	7	jacobs-ladder-script
blue	ADJ	16	jacobs-ladder-script
fuckin	ADJ	0	jacobs-ladder-script
little	ADJ	10	jacobs-ladder-script
frightened	ADJ	4	jacobs-ladder-script
okay	ADJ	4	jacobs-ladder-script
early	ADJ	9	jacobs-ladder-script
confused	ADJ	10	jacobs-ladder-script
annoyed	ADJ	3	jacobs-ladder-script
uncomfortable	ADJ	2	jacobs-ladder-script
dense	ADJ	4	jacobs-ladder-script
entire	ADJ	5	jacobs-ladder-script
convulsive	ADJ	2	jacobs-ladder-script
right	ADJ	36	jacobs-ladder-script
hot	ADJ	21	jacobs-ladder-script
sick	ADJ	9	jacobs-ladder-script
wild	ADJ	17	jacobs-ladder-script
confused	ADJ	10	jacobs-ladder-script
embarrassed	ADJ	4	jacobs-ladder-script
own	ADJ	2	jacobs-ladder-script
great	ADJ	7	jacobs-ladder-script
whole	ADJ	8	jacobs-ladder-script
normal	ADJ	5	jacobs-ladder-script
many	ADJ	1	jacobs-ladder-script
tired	ADJ	6	jacobs-ladder-script
right	ADJ	36	jacobs-ladder-script
crazy	ADJ	6	jacobs-ladder-script
crazy	ADJ	6	jacobs-ladder-script
high	ADJ	18	jacobs-ladder-script
next	ADJ	4	jacobs-ladder-script
extra	ADJ	7	jacobs-ladder-script
whole	ADJ	8	jacobs-ladder-script
confused	ADJ	10	jacobs-ladder-script
same	ADJ	6	jacobs-ladder-script
cold	ADJ	16	jacobs-ladder-script
red	ADJ	7	jacobs-ladder-script
hot	ADJ	21	jacobs-ladder-script
more	ADJ	5	jacobs-ladder-script
whole	ADJ	8	jacobs-ladder-script
cold	ADJ	16	jacobs-ladder-script
bright	ADJ	11	jacobs-ladder-script
red	ADJ	7	jacobs-ladder-script
afraid	ADJ	4	jacobs-ladder-script
several	ADJ	3	jacobs-ladder-script
additional	ADJ	1	jacobs-ladder-script
hot	ADJ	21	jacobs-ladder-script
own	ADJ	2	jacobs-ladder-script
flat	ADJ	24	jacobs-ladder-script
goddamn	ADJ	3	jacobs-ladder-script
red	ADJ	7	jacobs-ladder-script
hot	ADJ	21	jacobs-ladder-script
right	ADJ	36	jacobs-ladder-script
more	ADJ	5	jacobs-ladder-script
heavy	ADJ	30	jacobs-ladder-script
open	ADJ	36	jacobs-ladder-script
cold	ADJ	16	jacobs-ladder-script
fresh	ADJ	13	jacobs-ladder-script
loud	ADJ	4	jacobs-ladder-script
cold	ADJ	16	jacobs-ladder-script
fresh	ADJ	13	jacobs-ladder-script
closed	ADJ	26	jacobs-ladder-script
healthy	ADJ	5	jacobs-ladder-script
healthy	ADJ	5	jacobs-ladder-script
healthy	ADJ	5	jacobs-ladder-script
guilty	ADJ	2	jacobs-ladder-script
good	ADJ	27	jacobs-ladder-script
real	ADJ	13	jacobs-ladder-script
beefy	ADJ	1	jacobs-ladder-script
young	ADJ	14	jacobs-ladder-script
musical	ADJ	5	jacobs-ladder-script
long	ADJ	12	jacobs-ladder-script
surprised	ADJ	4	jacobs-ladder-script
cold	ADJ	16	jacobs-ladder-script
right	ADJ	36	jacobs-ladder-script
low	ADJ	16	jacobs-ladder-script
top	ADJ	22	jacobs-ladder-script
right	ADJ	36	jacobs-ladder-script
deep	ADJ	21	jacobs-ladder-script
tiny	ADJ	1	jacobs-ladder-script
ajar	ADJ	1	jacobs-ladder-script
more	ADJ	5	jacobs-ladder-script
more	ADJ	5	jacobs-ladder-script
secure	ADJ	11	jacobs-ladder-script
comfortable	ADJ	5	jacobs-ladder-script
close	ADJ	37	jacobs-ladder-script
asleep	ADJ	5	jacobs-ladder-script
beautiful	ADJ	2	jacobs-ladder-script
pink	ADJ	7	jacobs-ladder-script
idyllic	ADJ	2	jacobs-ladder-script
strange	ADJ	3	jacobs-ladder-script
metallic	ADJ	3	jacobs-ladder-script
heavy	ADJ	30	jacobs-ladder-script
tall	ADJ	5	jacobs-ladder-script
instant	ADJ	5	jacobs-ladder-script
idyllic	ADJ	2	jacobs-ladder-script
huge	ADJ	1	jacobs-ladder-script
high	ADJ	18	jacobs-ladder-script
long	ADJ	12	jacobs-ladder-script
dead	ADJ	21	jacobs-ladder-script
clear	ADJ	45	jacobs-ladder-script
gray	ADJ	15	jacobs-ladder-script
large	ADJ	11	jacobs-ladder-script
dark	ADJ	16	jacobs-ladder-script
like	ADJ	11	jacobs-ladder-script
distant	ADJ	5	jacobs-ladder-script
warm	ADJ	13	jacobs-ladder-script
familiar	ADJ	7	jacobs-ladder-script
total	ADJ	7	jacobs-ladder-script
lucky	ADJ	3	jacobs-ladder-script
lucky	ADJ	3	jacobs-ladder-script
high	ADJ	18	jacobs-ladder-script
blue	ADJ	16	jacobs-ladder-script
icy	ADJ	4	jacobs-ladder-script
low	ADJ	16	jacobs-ladder-script
aware	ADJ	2	jacobs-ladder-script
right	ADJ	36	jacobs-ladder-script
fine	ADJ	10	jacobs-ladder-script
lucky	ADJ	3	jacobs-ladder-script
crazy	ADJ	6	jacobs-ladder-script
dead	ADJ	21	jacobs-ladder-script
weird	ADJ	3	jacobs-ladder-script
amazing	ADJ	4	jacobs-ladder-script
confused	ADJ	10	jacobs-ladder-script
unshaven	ADJ	1	jacobs-ladder-script
plastic	ADJ	5	jacobs-ladder-script
postal	ADJ	1	jacobs-ladder-script
healthy	ADJ	5	jacobs-ladder-script
good	ADJ	27	jacobs-ladder-script
good	ADJ	27	jacobs-ladder-script
real	ADJ	13	jacobs-ladder-script
spindly	ADJ	1	jacobs-ladder-script
long	ADJ	12	jacobs-ladder-script
huge	ADJ	1	jacobs-ladder-script
ancient	ADJ	4	jacobs-ladder-script
archaic	ADJ	2	jacobs-ladder-script
terrible	ADJ	4	jacobs-ladder-script
shocking	ADJ	9	jacobs-ladder-script
about	ADJ	8	jacobs-ladder-script
bottom	ADJ	12	jacobs-ladder-script
sorry	ADJ	4	jacobs-ladder-script
big	ADJ	17	jacobs-ladder-script
full	ADJ	13	jacobs-ladder-script
horny	ADJ	3	jacobs-ladder-script
little	ADJ	10	jacobs-ladder-script
unbelievable	ADJ	2	jacobs-ladder-script
second	ADJ	15	jacobs-ladder-script
next	ADJ	4	jacobs-ladder-script
real	ADJ	13	jacobs-ladder-script
long	ADJ	12	jacobs-ladder-script
much	ADJ	7	jacobs-ladder-script
exciting	ADJ	10	jacobs-ladder-script
sick	ADJ	9	jacobs-ladder-script
terrific	ADJ	3	jacobs-ladder-script
lucky	ADJ	3	jacobs-ladder-script
many	ADJ	1	jacobs-ladder-script
fuckin	ADJ	0	jacobs-ladder-script
goddamn	ADJ	3	jacobs-ladder-script
fightin	ADJ	0	jacobs-ladder-script
worth	ADJ	5	jacobs-ladder-script
many	ADJ	1	jacobs-ladder-script
rear	ADJ	11	jacobs-ladder-script
black	ADJ	22	jacobs-ladder-script
married	ADJ	5	jacobs-ladder-script
nervous	ADJ	5	jacobs-ladder-script
sure	ADJ	10	jacobs-ladder-script
wrong	ADJ	13	jacobs-ladder-script
okay	ADJ	4	jacobs-ladder-script
rear	ADJ	11	jacobs-ladder-script
black	ADJ	22	jacobs-ladder-script
black	ADJ	22	jacobs-ladder-script
dark	ADJ	16	jacobs-ladder-script
obscure	ADJ	11	jacobs-ladder-script
empty	ADJ	10	jacobs-ladder-script
intimate	ADJ	9	jacobs-ladder-script
wrong	ADJ	13	jacobs-ladder-script
tense	ADJ	8	jacobs-ladder-script
crazy	ADJ	6	jacobs-ladder-script
frightened	ADJ	4	jacobs-ladder-script
sure	ADJ	10	jacobs-ladder-script
young	ADJ	14	jacobs-ladder-script
next	ADJ	4	jacobs-ladder-script
familiar	ADJ	7	jacobs-ladder-script
random	ADJ	1	jacobs-ladder-script
sorry	ADJ	4	jacobs-ladder-script
wild	ADJ	17	jacobs-ladder-script
scared	ADJ	4	jacobs-ladder-script
scared	ADJ	4	jacobs-ladder-script
whole	ADJ	8	jacobs-ladder-script
terrified	ADJ	2	jacobs-ladder-script
grateful	ADJ	2	jacobs-ladder-script
few	ADJ	2	jacobs-ladder-script
okay	ADJ	4	jacobs-ladder-script
okay	ADJ	4	jacobs-ladder-script
dead	ADJ	21	jacobs-ladder-script
small	ADJ	13	jacobs-ladder-script
crazy	ADJ	6	jacobs-ladder-script
stunned	ADJ	6	jacobs-ladder-script
same	ADJ	6	jacobs-ladder-script
big	ADJ	17	jacobs-ladder-script
dark	ADJ	16	jacobs-ladder-script
young	ADJ	14	jacobs-ladder-script
next	ADJ	4	jacobs-ladder-script
rapt	ADJ	1	jacobs-ladder-script
urinal	ADJ	1	jacobs-ladder-script
afraid	ADJ	4	jacobs-ladder-script
thinkin	ADJ	0	jacobs-ladder-script
wrong	ADJ	13	jacobs-ladder-script
different	ADJ	5	jacobs-ladder-script
more	ADJ	5	jacobs-ladder-script
dingy	ADJ	3	jacobs-ladder-script
cold	ADJ	16	jacobs-ladder-script
ludicrous	ADJ	2	jacobs-ladder-script
front	ADJ	13	jacobs-ladder-script
lucky	ADJ	3	jacobs-ladder-script
flat	ADJ	24	jacobs-ladder-script
sudden	ADJ	1	jacobs-ladder-script
unable	ADJ	3	jacobs-ladder-script
close	ADJ	37	jacobs-ladder-script
good	ADJ	27	jacobs-ladder-script
young	ADJ	14	jacobs-ladder-script
young	ADJ	14	jacobs-ladder-script
young	ADJ	14	jacobs-ladder-script
young	ADJ	14	jacobs-ladder-script
young	ADJ	14	jacobs-ladder-script
okay	ADJ	4	jacobs-ladder-script
young	ADJ	14	jacobs-ladder-script
old	ADJ	9	jacobs-ladder-script
sad	ADJ	3	jacobs-ladder-script
right	ADJ	36	jacobs-ladder-script
narrow	ADJ	10	jacobs-ladder-script
dark	ADJ	16	jacobs-ladder-script
old	ADJ	9	jacobs-ladder-script
small	ADJ	13	jacobs-ladder-script
other	ADJ	4	jacobs-ladder-script
semi	ADJ	3	jacobs-ladder-script
-	ADJ	0	jacobs-ladder-script
military	ADJ	4	jacobs-ladder-script
old	ADJ	9	jacobs-ladder-script
several	ADJ	3	jacobs-ladder-script
small	ADJ	13	jacobs-ladder-script
cold	ADJ	16	jacobs-ladder-script
lively	ADJ	6	jacobs-ladder-script
intimate	ADJ	9	jacobs-ladder-script
tired	ADJ	6	jacobs-ladder-script
electrical	ADJ	2	jacobs-ladder-script
talkin	ADJ	0	jacobs-ladder-script
upset	ADJ	17	jacobs-ladder-script
surprising	ADJ	4	jacobs-ladder-script
immediate	ADJ	5	jacobs-ladder-script
strange	ADJ	3	jacobs-ladder-script
strange	ADJ	3	jacobs-ladder-script
scared	ADJ	4	jacobs-ladder-script
tryin	ADJ	0	jacobs-ladder-script
right	ADJ	36	jacobs-ladder-script
other	ADJ	4	jacobs-ladder-script
spastic	ADJ	4	jacobs-ladder-script
uncomfortable	ADJ	2	jacobs-ladder-script
unpaved	ADJ	1	jacobs-ladder-script
gray	ADJ	15	jacobs-ladder-script
dark	ADJ	16	jacobs-ladder-script
human	ADJ	4	jacobs-ladder-script
other	ADJ	4	jacobs-ladder-script
weird	ADJ	3	jacobs-ladder-script
weird	ADJ	3	jacobs-ladder-script
crazy	ADJ	6	jacobs-ladder-script
bad	ADJ	17	jacobs-ladder-script
worth	ADJ	5	jacobs-ladder-script
fucking	ADJ	4	jacobs-ladder-script
strange	ADJ	3	jacobs-ladder-script
only	ADJ	9	jacobs-ladder-script
dead	ADJ	21	jacobs-ladder-script
fucking	ADJ	4	jacobs-ladder-script
other	ADJ	4	jacobs-ladder-script
right	ADJ	36	jacobs-ladder-script
crazy	ADJ	6	jacobs-ladder-script
goddamn	ADJ	3	jacobs-ladder-script
tryin	ADJ	0	jacobs-ladder-script
offensive	ADJ	8	jacobs-ladder-script
only	ADJ	9	jacobs-ladder-script
well	ADJ	22	jacobs-ladder-script
gettin	ADJ	0	jacobs-ladder-script
right	ADJ	36	jacobs-ladder-script
fucking	ADJ	4	jacobs-ladder-script
paranoid	ADJ	2	jacobs-ladder-script
bad	ADJ	17	jacobs-ladder-script
such	ADJ	2	jacobs-ladder-script
plush	ADJ	2	jacobs-ladder-script
red	ADJ	7	jacobs-ladder-script
faced	ADJ	10	jacobs-ladder-script
empty	ADJ	10	jacobs-ladder-script
sorry	ADJ	4	jacobs-ladder-script
many	ADJ	1	jacobs-ladder-script
red	ADJ	7	jacobs-ladder-script
few	ADJ	2	jacobs-ladder-script
surprised	ADJ	4	jacobs-ladder-script
excited	ADJ	12	jacobs-ladder-script
other	ADJ	4	jacobs-ladder-script
great	ADJ	7	jacobs-ladder-script
generous	ADJ	3	jacobs-ladder-script
bad	ADJ	17	jacobs-ladder-script
confused	ADJ	10	jacobs-ladder-script
messed	ADJ	2	jacobs-ladder-script
jubilant	ADJ	2	jacobs-ladder-script
other	ADJ	4	jacobs-ladder-script
black	ADJ	22	jacobs-ladder-script
wild	ADJ	17	jacobs-ladder-script
unadulterated	ADJ	2	jacobs-ladder-script
ecstatic	ADJ	1	jacobs-ladder-script
lovely	ADJ	3	jacobs-ladder-script
radiant	ADJ	1	jacobs-ladder-script
least	ADJ	3	jacobs-ladder-script
real	ADJ	13	jacobs-ladder-script
frozen	ADJ	17	jacobs-ladder-script
ready	ADJ	8	jacobs-ladder-script
little	ADJ	10	jacobs-ladder-script
upset	ADJ	17	jacobs-ladder-script
stunned	ADJ	6	jacobs-ladder-script
friendly	ADJ	5	jacobs-ladder-script
sorry	ADJ	4	jacobs-ladder-script
terrible	ADJ	4	jacobs-ladder-script
late	ADJ	11	jacobs-ladder-script
upset	ADJ	17	jacobs-ladder-script
frayed	ADJ	3	jacobs-ladder-script
venetian	ADJ	2	jacobs-ladder-script
strange	ADJ	3	jacobs-ladder-script
venetian	ADJ	2	jacobs-ladder-script
right	ADJ	36	jacobs-ladder-script
hard	ADJ	22	jacobs-ladder-script
angry	ADJ	3	jacobs-ladder-script
interested	ADJ	5	jacobs-ladder-script
same	ADJ	6	jacobs-ladder-script
large	ADJ	11	jacobs-ladder-script
real	ADJ	13	jacobs-ladder-script
okay	ADJ	4	jacobs-ladder-script
long	ADJ	12	jacobs-ladder-script
high	ADJ	18	jacobs-ladder-script
pitched	ADJ	14	jacobs-ladder-script
other	ADJ	4	jacobs-ladder-script
old	ADJ	9	jacobs-ladder-script
old	ADJ	9	jacobs-ladder-script
frayed	ADJ	3	jacobs-ladder-script
old	ADJ	9	jacobs-ladder-script
great	ADJ	7	jacobs-ladder-script
plastic	ADJ	5	jacobs-ladder-script
wobbly	ADJ	2	jacobs-ladder-script
false	ADJ	11	jacobs-ladder-script
huge	ADJ	1	jacobs-ladder-script
full	ADJ	13	jacobs-ladder-script
curious	ADJ	3	jacobs-ladder-script
own	ADJ	2	jacobs-ladder-script
frightened	ADJ	4	jacobs-ladder-script
defiant	ADJ	1	jacobs-ladder-script
frightening	ADJ	4	jacobs-ladder-script
vibrating	ADJ	5	jacobs-ladder-script
unearthly	ADJ	2	jacobs-ladder-script
late	ADJ	11	jacobs-ladder-script
huge	ADJ	1	jacobs-ladder-script
wooden	ADJ	2	jacobs-ladder-script
open	ADJ	36	jacobs-ladder-script
crowded	ADJ	5	jacobs-ladder-script
unshaven	ADJ	1	jacobs-ladder-script
other	ADJ	4	jacobs-ladder-script
pure	ADJ	7	jacobs-ladder-script
simple	ADJ	9	jacobs-ladder-script
short	ADJ	23	jacobs-ladder-script
crazy	ADJ	6	jacobs-ladder-script
pitiful	ADJ	3	jacobs-ladder-script
right	ADJ	36	jacobs-ladder-script
bizarro	ADJ	0	jacobs-ladder-script
whacko	ADJ	1	jacobs-ladder-script
psychological	ADJ	2	jacobs-ladder-script
stunned	ADJ	6	jacobs-ladder-script
true	ADJ	15	jacobs-ladder-script
such	ADJ	2	jacobs-ladder-script
okay	ADJ	4	jacobs-ladder-script
wild	ADJ	17	jacobs-ladder-script
slimy	ADJ	2	jacobs-ladder-script
powerful	ADJ	6	jacobs-ladder-script
other	ADJ	4	jacobs-ladder-script
surprised	ADJ	4	jacobs-ladder-script
down	ADJ	26	jacobs-ladder-script
main	ADJ	5	jacobs-ladder-script
several	ADJ	3	jacobs-ladder-script
late	ADJ	11	jacobs-ladder-script
officious	ADJ	1	jacobs-ladder-script
appropriate	ADJ	3	jacobs-ladder-script
long	ADJ	12	jacobs-ladder-script
odd	ADJ	6	jacobs-ladder-script
foolish	ADJ	2	jacobs-ladder-script
other	ADJ	4	jacobs-ladder-script
dead	ADJ	21	jacobs-ladder-script
berserk	ADJ	2	jacobs-ladder-script
wild	ADJ	17	jacobs-ladder-script
open	ADJ	36	jacobs-ladder-script
parked	ADJ	3	jacobs-ladder-script
crazy	ADJ	6	jacobs-ladder-script
late	ADJ	11	jacobs-ladder-script
excruciating	ADJ	3	jacobs-ladder-script
entire	ADJ	5	jacobs-ladder-script
only	ADJ	9	jacobs-ladder-script
orthopedic	ADJ	1	jacobs-ladder-script
little	ADJ	10	jacobs-ladder-script
endless	ADJ	4	jacobs-ladder-script
hypnotic	ADJ	3	jacobs-ladder-script
smooth	ADJ	12	jacobs-ladder-script
plod	ADJ	2	jacobs-ladder-script
rough	ADJ	18	jacobs-ladder-script
insistent	ADJ	2	jacobs-ladder-script
human	ADJ	4	jacobs-ladder-script
mournful	ADJ	2	jacobs-ladder-script
dark	ADJ	16	jacobs-ladder-script
muffled	ADJ	4	jacobs-ladder-script
closed	ADJ	26	jacobs-ladder-script
strange	ADJ	3	jacobs-ladder-script
rusty	ADJ	4	jacobs-ladder-script
dark	ADJ	16	jacobs-ladder-script
concerned	ADJ	5	jacobs-ladder-script
plastic	ADJ	5	jacobs-ladder-script
crushed	ADJ	10	jacobs-ladder-script
familiar	ADJ	7	jacobs-ladder-script
unearthly	ADJ	2	jacobs-ladder-script
whole	ADJ	8	jacobs-ladder-script
endless	ADJ	4	jacobs-ladder-script
same	ADJ	6	jacobs-ladder-script
tiny	ADJ	1	jacobs-ladder-script
close	ADJ	37	jacobs-ladder-script
right	ADJ	36	jacobs-ladder-script
subtle	ADJ	3	jacobs-ladder-script
like	ADJ	11	jacobs-ladder-script
huge	ADJ	1	jacobs-ladder-script
new	ADJ	12	jacobs-ladder-script
sharp	ADJ	15	jacobs-ladder-script
surgical	ADJ	3	jacobs-ladder-script
bright	ADJ	11	jacobs-ladder-script
great	ADJ	7	jacobs-ladder-script
strange	ADJ	3	jacobs-ladder-script
human	ADJ	4	jacobs-ladder-script
contradictory	ADJ	5	jacobs-ladder-script
sincere	ADJ	2	jacobs-ladder-script
compassionate	ADJ	2	jacobs-ladder-script
same	ADJ	6	jacobs-ladder-script
own	ADJ	2	jacobs-ladder-script
dead	ADJ	21	jacobs-ladder-script
dead	ADJ	21	jacobs-ladder-script
alive	ADJ	7	jacobs-ladder-script
long	ADJ	12	jacobs-ladder-script
particular	ADJ	9	jacobs-ladder-script
powerful	ADJ	6	jacobs-ladder-script
long	ADJ	12	jacobs-ladder-script
dead	ADJ	21	jacobs-ladder-script
fluorescent	ADJ	3	jacobs-ladder-script
normal	ADJ	5	jacobs-ladder-script
able	ADJ	4	jacobs-ladder-script
terrible	ADJ	4	jacobs-ladder-script
dead	ADJ	21	jacobs-ladder-script
dead	ADJ	21	jacobs-ladder-script
fine	ADJ	10	jacobs-ladder-script
funny	ADJ	5	jacobs-ladder-script
worth	ADJ	5	jacobs-ladder-script
sudden	ADJ	1	jacobs-ladder-script
unseen	ADJ	2	jacobs-ladder-script
uncomfortable	ADJ	2	jacobs-ladder-script
new	ADJ	12	jacobs-ladder-script
well	ADJ	22	jacobs-ladder-script
hard	ADJ	22	jacobs-ladder-script
awake	ADJ	3	jacobs-ladder-script
awake	ADJ	3	jacobs-ladder-script
strange	ADJ	3	jacobs-ladder-script
sorry	ADJ	4	jacobs-ladder-script
last	ADJ	21	jacobs-ladder-script
real	ADJ	13	jacobs-ladder-script
funny	ADJ	5	jacobs-ladder-script
loud	ADJ	4	jacobs-ladder-script
several	ADJ	3	jacobs-ladder-script
modern	ADJ	7	jacobs-ladder-script
barbaric	ADJ	2	jacobs-ladder-script
okay	ADJ	4	jacobs-ladder-script
serious	ADJ	6	jacobs-ladder-script
hysterical	ADJ	2	jacobs-ladder-script
comfortable	ADJ	5	jacobs-ladder-script
serene	ADJ	2	jacobs-ladder-script
vertical	ADJ	6	jacobs-ladder-script
horizontal	ADJ	2	jacobs-ladder-script
agony	ADJ	2	jacobs-ladder-script
dead	ADJ	21	jacobs-ladder-script
dead	ADJ	21	jacobs-ladder-script
slipped	ADJ	11	jacobs-ladder-script
first	ADJ	16	jacobs-ladder-script
horrible	ADJ	1	jacobs-ladder-script
good	ADJ	27	jacobs-ladder-script
right	ADJ	36	jacobs-ladder-script
other	ADJ	4	jacobs-ladder-script
right	ADJ	36	jacobs-ladder-script
regular	ADJ	17	jacobs-ladder-script
other	ADJ	4	jacobs-ladder-script
spine	ADJ	5	jacobs-ladder-script
only	ADJ	9	jacobs-ladder-script
punish-	ADJ	0	jacobs-ladder-script
ing	ADJ	0	jacobs-ladder-script
other	ADJ	4	jacobs-ladder-script
spine	ADJ	5	jacobs-ladder-script
wonderful	ADJ	1	jacobs-ladder-script
frightened	ADJ	4	jacobs-ladder-script
okay	ADJ	4	jacobs-ladder-script
quick	ADJ	8	jacobs-ladder-script
unexpected	ADJ	1	jacobs-ladder-script
low	ADJ	16	jacobs-ladder-script
little	ADJ	10	jacobs-ladder-script
deliberate	ADJ	4	jacobs-ladder-script
first	ADJ	16	jacobs-ladder-script
miraculous	ADJ	2	jacobs-ladder-script
giant	ADJ	8	jacobs-ladder-script
pleased	ADJ	5	jacobs-ladder-script
more	ADJ	5	jacobs-ladder-script
firm	ADJ	14	jacobs-ladder-script
defiant	ADJ	1	jacobs-ladder-script
sdiren	ADJ	0	jacobs-ladder-script
low	ADJ	16	jacobs-ladder-script
cold	ADJ	16	jacobs-ladder-script
mobile	ADJ	8	jacobs-ladder-script
other	ADJ	4	jacobs-ladder-script
volatile	ADJ	5	jacobs-ladder-script
safe	ADJ	7	jacobs-ladder-script
ready	ADJ	8	jacobs-ladder-script
nearby	ADJ	2	jacobs-ladder-script
goddamn	ADJ	3	jacobs-ladder-script
national	ADJ	8	jacobs-ladder-script
whole	ADJ	8	jacobs-ladder-script
whole	ADJ	8	jacobs-ladder-script
young	ADJ	14	jacobs-ladder-script
wrong	ADJ	13	jacobs-ladder-script
defiant	ADJ	1	jacobs-ladder-script
high	ADJ	18	jacobs-ladder-script
high	ADJ	18	jacobs-ladder-script
high	ADJ	18	jacobs-ladder-script
potential	ADJ	4	jacobs-ladder-script
motionless	ADJ	1	jacobs-ladder-script
untouched	ADJ	4	jacobs-ladder-script
frightened	ADJ	4	jacobs-ladder-script
stark	ADJ	6	jacobs-ladder-script
naked	ADJ	5	jacobs-ladder-script
anxious	ADJ	2	jacobs-ladder-script
closed	ADJ	26	jacobs-ladder-script
entire	ADJ	5	jacobs-ladder-script
fucking	ADJ	4	jacobs-ladder-script
last	ADJ	21	jacobs-ladder-script
uncomfortable	ADJ	2	jacobs-ladder-script
chemical	ADJ	3	jacobs-ladder-script
right	ADJ	36	jacobs-ladder-script
several	ADJ	3	jacobs-ladder-script
bizarre	ADJ	1	jacobs-ladder-script
secret	ADJ	14	jacobs-ladder-script
american	ADJ	5	jacobs-ladder-script
dumbfounded	ADJ	2	jacobs-ladder-script
front	ADJ	13	jacobs-ladder-script
threatening	ADJ	5	jacobs-ladder-script
angry	ADJ	3	jacobs-ladder-script
black	ADJ	22	jacobs-ladder-script
particular	ADJ	9	jacobs-ladder-script
several	ADJ	3	jacobs-ladder-script
startled	ADJ	3	jacobs-ladder-script
same	ADJ	6	jacobs-ladder-script
young	ADJ	14	jacobs-ladder-script
surprised	ADJ	4	jacobs-ladder-script
long	ADJ	12	jacobs-ladder-script
clinical	ADJ	2	jacobs-ladder-script
safe	ADJ	7	jacobs-ladder-script
deserted	ADJ	4	jacobs-ladder-script
eyed	ADJ	2	jacobs-ladder-script
right	ADJ	36	jacobs-ladder-script
best	ADJ	43	jacobs-ladder-script
lucky	ADJ	3	jacobs-ladder-script
long	ADJ	12	jacobs-ladder-script
next	ADJ	4	jacobs-ladder-script
other	ADJ	4	jacobs-ladder-script
clean	ADJ	31	jacobs-ladder-script
bad	ADJ	17	jacobs-ladder-script
much	ADJ	7	jacobs-ladder-script
next	ADJ	4	jacobs-ladder-script
secret	ADJ	14	jacobs-ladder-script
special	ADJ	10	jacobs-ladder-script
dark	ADJ	16	jacobs-ladder-script
aggressive	ADJ	3	jacobs-ladder-script
sure	ADJ	10	jacobs-ladder-script
worried	ADJ	8	jacobs-ladder-script
soft	ADJ	20	jacobs-ladder-script
powerful	ADJ	6	jacobs-ladder-script
bad	ADJ	17	jacobs-ladder-script
fast	ADJ	15	jacobs-ladder-script
downward	ADJ	3	jacobs-ladder-script
primal	ADJ	2	jacobs-ladder-script
powerful	ADJ	6	jacobs-ladder-script
powerful	ADJ	6	jacobs-ladder-script
other	ADJ	4	jacobs-ladder-script
huge	ADJ	1	jacobs-ladder-script
bad	ADJ	17	jacobs-ladder-script
such	ADJ	2	jacobs-ladder-script
whole	ADJ	8	jacobs-ladder-script
astounded	ADJ	2	jacobs-ladder-script
big	ADJ	17	jacobs-ladder-script
scared	ADJ	4	jacobs-ladder-script
gettin	ADJ	0	jacobs-ladder-script
ugly	ADJ	4	jacobs-ladder-script
sure	ADJ	10	jacobs-ladder-script
high	ADJ	18	jacobs-ladder-script
whole	ADJ	8	jacobs-ladder-script
offensive	ADJ	8	jacobs-ladder-script
tnought	ADJ	0	jacobs-ladder-script
offensive	ADJ	8	jacobs-ladder-script
fierce	ADJ	4	jacobs-ladder-script
uncomfortable	ADJ	2	jacobs-ladder-script
puffy	ADJ	3	jacobs-ladder-script
other	ADJ	4	jacobs-ladder-script
open	ADJ	36	jacobs-ladder-script
blank	ADJ	8	jacobs-ladder-script
first	ADJ	16	jacobs-ladder-script
young	ADJ	14	jacobs-ladder-script
old	ADJ	9	jacobs-ladder-script
clean	ADJ	31	jacobs-ladder-script
other	ADJ	4	jacobs-ladder-script
terrible	ADJ	4	jacobs-ladder-script
other	ADJ	4	jacobs-ladder-script
hippie	ADJ	1	jacobs-ladder-script
right	ADJ	36	jacobs-ladder-script
bad	ADJ	17	jacobs-ladder-script
whole	ADJ	8	jacobs-ladder-script
wooden	ADJ	2	jacobs-ladder-script
wide	ADJ	11	jacobs-ladder-script
pre	ADJ	0	jacobs-ladder-script
-	ADJ	0	jacobs-ladder-script
dawn	ADJ	6	jacobs-ladder-script
sleazy	ADJ	3	jacobs-ladder-script
gay	ADJ	7	jacobs-ladder-script
uncomfortable	ADJ	2	jacobs-ladder-script
small	ADJ	13	jacobs-ladder-script
convenient	ADJ	2	jacobs-ladder-script
big	ADJ	17	jacobs-ladder-script
fearful	ADJ	5	jacobs-ladder-script
open	ADJ	36	jacobs-ladder-script
strong	ADJ	10	jacobs-ladder-script
lunar	ADJ	1	jacobs-ladder-script
long	ADJ	12	jacobs-ladder-script
shallow	ADJ	6	jacobs-ladder-script
alien	ADJ	7	jacobs-ladder-script
asleep	ADJ	5	jacobs-ladder-script
frightened	ADJ	4	jacobs-ladder-script
open	ADJ	36	jacobs-ladder-script
huge	ADJ	1	jacobs-ladder-script
sharp	ADJ	15	jacobs-ladder-script
hooved	ADJ	1	jacobs-ladder-script
full	ADJ	13	jacobs-ladder-script
entire	ADJ	5	jacobs-ladder-script
violent	ADJ	5	jacobs-ladder-script
whole	ADJ	8	jacobs-ladder-script
continental	ADJ	4	jacobs-ladder-script
horrible	ADJ	1	jacobs-ladder-script
other	ADJ	4	jacobs-ladder-script
own	ADJ	2	jacobs-ladder-script
own	ADJ	2	jacobs-ladder-script
dark	ADJ	16	jacobs-ladder-script
raw	ADJ	14	jacobs-ladder-script
dark	ADJ	16	jacobs-ladder-script
liquid	ADJ	11	jacobs-ladder-script
clear	ADJ	45	jacobs-ladder-script
like	ADJ	11	jacobs-ladder-script
strange	ADJ	3	jacobs-ladder-script
delirious	ADJ	2	jacobs-ladder-script
shimmering	ADJ	2	jacobs-ladder-script
sunlit	ADJ	1	jacobs-ladder-script
such	ADJ	2	jacobs-ladder-script
wondrous	ADJ	2	jacobs-ladder-script
golden	ADJ	6	jacobs-ladder-script
vast	ADJ	1	jacobs-ladder-script
mythic	ADJ	2	jacobs-ladder-script
sudden	ADJ	1	jacobs-ladder-script
different	ADJ	5	jacobs-ladder-script
inner	ADJ	6	jacobs-ladder-script
transcendental	ADJ	2	jacobs-ladder-script
well	ADJ	22	jacobs-ladder-script
huge	ADJ	1	jacobs-ladder-script
full	ADJ	13	jacobs-ladder-script
more	ADJ	5	jacobs-ladder-script
early	ADJ	9	jacobs-ladder-script
good	ADJ	27	jacobs-ladder-script
real	ADJ	13	jacobs-ladder-script
glorious	ADJ	3	jacobs-ladder-script
glorious	ADJ	3	jacobs-ladder-script
surprised	ADJ	4	jacobs-ladder-script
glad	ADJ	5	jacobs-ladder-script
sure	ADJ	10	jacobs-ladder-script
far	ADJ	10	jacobs-ladder-script
huge	ADJ	1	jacobs-ladder-script
foolish	ADJ	2	jacobs-ladder-script
effective	ADJ	6	jacobs-ladder-script
lovely	ADJ	3	jacobs-ladder-script
right	ADJ	36	jacobs-ladder-script
asleep	ADJ	5	jacobs-ladder-script
romantic	ADJ	5	jacobs-ladder-script
amazing	ADJ	4	jacobs-ladder-script
hard	ADJ	22	jacobs-ladder-script
hellish	ADJ	2	jacobs-ladder-script
next	ADJ	4	jacobs-ladder-script
wonderful	ADJ	1	jacobs-ladder-script
little	ADJ	10	jacobs-ladder-script
hard	ADJ	22	jacobs-ladder-script
brighten	ADJ	2	jacobs-ladder-script
little	ADJ	10	jacobs-ladder-script
large	ADJ	11	jacobs-ladder-script
practical	ADJ	4	jacobs-ladder-script
hard	ADJ	22	jacobs-ladder-script
good	ADJ	27	jacobs-ladder-script
hot	ADJ	21	jacobs-ladder-script
marked	ADJ	18	jacobs-ladder-script
right	ADJ	36	jacobs-ladder-script
reasonable	ADJ	3	jacobs-ladder-script
reasonable	ADJ	3	jacobs-ladder-script
reasonable	ADJ	3	jacobs-ladder-script
gettin	ADJ	0	jacobs-ladder-script
angry	ADJ	3	jacobs-ladder-script
angry	ADJ	3	jacobs-ladder-script
other	ADJ	4	jacobs-ladder-script
happy	ADJ	4	jacobs-ladder-script
grand	ADJ	10	jacobs-ladder-script
many	ADJ	1	jacobs-ladder-script
next	ADJ	4	jacobs-ladder-script
shocked	ADJ	8	jacobs-ladder-script
open	ADJ	36	jacobs-ladder-script
grand	ADJ	10	jacobs-ladder-script
main	ADJ	5	jacobs-ladder-script
main	ADJ	5	jacobs-ladder-script
surprised	ADJ	4	jacobs-ladder-script
dingy	ADJ	3	jacobs-ladder-script
industrial	ADJ	4	jacobs-ladder-script
large	ADJ	11	jacobs-ladder-script
black	ADJ	22	jacobs-ladder-script
lookin	ADJ	0	jacobs-ladder-script
frenzied	ADJ	2	jacobs-ladder-script
open	ADJ	36	jacobs-ladder-script
dark	ADJ	16	jacobs-ladder-script
large	ADJ	11	jacobs-ladder-script
private	ADJ	5	jacobs-ladder-script
few	ADJ	2	jacobs-ladder-script
intact	ADJ	4	jacobs-ladder-script
reddish	ADJ	1	jacobs-ladder-script
headless	ADJ	2	jacobs-ladder-script
unrelieved	ADJ	1	jacobs-ladder-script
icy	ADJ	4	jacobs-ladder-script
fast	ADJ	15	jacobs-ladder-script
unexpected	ADJ	1	jacobs-ladder-script
only	ADJ	9	jacobs-ladder-script
dark	ADJ	16	jacobs-ladder-script
hard	ADJ	22	jacobs-ladder-script
audible	ADJ	2	jacobs-ladder-script
dark	ADJ	16	jacobs-ladder-script
dense	ADJ	4	jacobs-ladder-script
long	ADJ	12	jacobs-ladder-script
battered	ADJ	6	jacobs-ladder-script
right	ADJ	36	jacobs-ladder-script
okay	ADJ	4	jacobs-ladder-script
comfortable	ADJ	5	jacobs-ladder-script
cozy	ADJ	4	jacobs-ladder-script
surprised	ADJ	4	jacobs-ladder-script
dark	ADJ	16	jacobs-ladder-script
old	ADJ	9	jacobs-ladder-script
unmade	ADJ	2	jacobs-ladder-script
about	ADJ	8	jacobs-ladder-script
startled	ADJ	3	jacobs-ladder-script
usual	ADJ	2	jacobs-ladder-script
large	ADJ	11	jacobs-ladder-script
imposing	ADJ	5	jacobs-ladder-script
nervous	ADJ	5	jacobs-ladder-script
frightening	ADJ	4	jacobs-ladder-script
powerful	ADJ	6	jacobs-ladder-script
innocent	ADJ	8	jacobs-ladder-script
obsessive	ADJ	2	jacobs-ladder-script
first	ADJ	16	jacobs-ladder-script
inner	ADJ	6	jacobs-ladder-script
remarkable	ADJ	2	jacobs-ladder-script
dark	ADJ	16	jacobs-ladder-script
unnatural	ADJ	3	jacobs-ladder-script
strange	ADJ	3	jacobs-ladder-script
elusive	ADJ	4	jacobs-ladder-script
other	ADJ	4	jacobs-ladder-script
confused	ADJ	10	jacobs-ladder-script
impossible	ADJ	4	jacobs-ladder-script
physical	ADJ	7	jacobs-ladder-script
wrong	ADJ	13	jacobs-ladder-script
fantastic	ADJ	5	jacobs-ladder-script
real	ADJ	13	jacobs-ladder-script
menacing	ADJ	4	jacobs-ladder-script
visible	ADJ	3	jacobs-ladder-script
more	ADJ	5	jacobs-ladder-script
many	ADJ	1	jacobs-ladder-script
many	ADJ	1	jacobs-ladder-script
consummate	ADJ	5	jacobs-ladder-script
dark	ADJ	16	jacobs-ladder-script
undefinable	ADJ	1	jacobs-ladder-script
black	ADJ	22	jacobs-ladder-script
impenetrable	ADJ	3	jacobs-ladder-script
constant	ADJ	5	jacobs-ladder-script
unspeakable	ADJ	3	jacobs-ladder-script
demonic	ADJ	1	jacobs-ladder-script
sudden	ADJ	1	jacobs-ladder-script
great	ADJ	7	jacobs-ladder-script
new	ADJ	12	jacobs-ladder-script
terrible	ADJ	4	jacobs-ladder-script
unrelenting	ADJ	3	jacobs-ladder-script
own	ADJ	2	jacobs-ladder-script
terrified	ADJ	2	jacobs-ladder-script
calm	ADJ	8	jacobs-ladder-script
motionless	ADJ	1	jacobs-ladder-script
frightened	ADJ	4	jacobs-ladder-script
sure	ADJ	10	jacobs-ladder-script
terrifying	ADJ	2	jacobs-ladder-script
more	ADJ	5	jacobs-ladder-script
loud	ADJ	4	jacobs-ladder-script
huge	ADJ	1	jacobs-ladder-script
great	ADJ	7	jacobs-ladder-script
terrifying	ADJ	2	jacobs-ladder-script
maddening	ADJ	4	jacobs-ladder-script
hypnotic	ADJ	3	jacobs-ladder-script
open	ADJ	36	jacobs-ladder-script
closed	ADJ	26	jacobs-ladder-script
organic	ADJ	7	jacobs-ladder-script
alive	ADJ	7	jacobs-ladder-script
angry	ADJ	3	jacobs-ladder-script
threatening	ADJ	5	jacobs-ladder-script
unstoppable	ADJ	1	jacobs-ladder-script
terrified	ADJ	2	jacobs-ladder-script
unrelenting	ADJ	3	jacobs-ladder-script
featureless	ADJ	1	jacobs-ladder-script
ultimate	ADJ	3	jacobs-ladder-script
superhuman	ADJ	1	jacobs-ladder-script
live	ADJ	19	jacobs-ladder-script
terrible	ADJ	4	jacobs-ladder-script
human	ADJ	4	jacobs-ladder-script
dark	ADJ	16	jacobs-ladder-script
dead	ADJ	21	jacobs-ladder-script
own	ADJ	2	jacobs-ladder-script
pale	ADJ	7	jacobs-ladder-script
lifeless	ADJ	4	jacobs-ladder-script
dead	ADJ	21	jacobs-ladder-script
terrible	ADJ	4	jacobs-ladder-script
long	ADJ	12	jacobs-ladder-script
huge	ADJ	1	jacobs-ladder-script
devastating	ADJ	5	jacobs-ladder-script
catacylsmic	ADJ	0	jacobs-ladder-script
significant	ADJ	4	jacobs-ladder-script
banal	ADJ	1	jacobs-ladder-script
painful	ADJ	4	jacobs-ladder-script
vital	ADJ	4	jacobs-ladder-script
newborn	ADJ	3	jacobs-ladder-script
first	ADJ	16	jacobs-ladder-script
rainy	ADJ	1	jacobs-ladder-script
oncoming	ADJ	2	jacobs-ladder-script
young	ADJ	14	jacobs-ladder-script
new	ADJ	12	jacobs-ladder-script
little	ADJ	10	jacobs-ladder-script
total	ADJ	7	jacobs-ladder-script
wonderful	ADJ	1	jacobs-ladder-script
open	ADJ	36	jacobs-ladder-script
shocked	ADJ	8	jacobs-ladder-script
alone	ADJ	6	jacobs-ladder-script
first	ADJ	16	jacobs-ladder-script
early	ADJ	9	jacobs-ladder-script
transfigured	ADJ	2	jacobs-ladder-script
magical	ADJ	1	jacobs-ladder-script
motionless	ADJ	1	jacobs-ladder-script
faint	ADJ	8	jacobs-ladder-script
warm	ADJ	13	jacobs-ladder-script
familiar	ADJ	7	jacobs-ladder-script
few	ADJ	2	jacobs-ladder-script
curious	ADJ	3	jacobs-ladder-script
other	ADJ	4	jacobs-ladder-script
full	ADJ	13	jacobs-ladder-script
same	ADJ	6	jacobs-ladder-script
musical	ADJ	5	jacobs-ladder-script
young	ADJ	14	jacobs-ladder-script
unable	ADJ	3	jacobs-ladder-script
surprising	ADJ	4	jacobs-ladder-script
sweet	ADJ	16	jacobs-ladder-script
first	ADJ	16	jacobs-ladder-script
warm	ADJ	13	jacobs-ladder-script
comforting	ADJ	4	jacobs-ladder-script
last	ADJ	21	jacobs-ladder-script
more	ADJ	5	jacobs-ladder-script
big	ADJ	17	jacobs-ladder-script
white	ADJ	25	jacobs-ladder-script
total	ADJ	7	jacobs-ladder-script
okay	ADJ	4	jacobs-ladder-script
brief	ADJ	6	jacobs-ladder-script
stunning	ADJ	7	jacobs-ladder-script
huge	ADJ	1	jacobs-ladder-script
ethereal	ADJ	4	jacobs-ladder-script
infinite	ADJ	5	jacobs-ladder-script
small	ADJ	13	jacobs-ladder-script
light	ADJ	47	jacobs-ladder-script
second	ADJ	15	jacobs-ladder-script
overhead	ADJ	9	jacobs-ladder-script
surgical	ADJ	3	jacobs-ladder-script
somber	ADJ	2	jacobs-ladder-script
simple	ADJ	9	jacobs-ladder-script
final	ADJ	5	jacobs-ladder-script
large	ADJ	11	jacobs-ladder-script
green	ADJ	14	jacobs-ladder-script
other	ADJ	4	jacobs-ladder-script
young	ADJ	14	jacobs-ladder-script
vietnamese	ADJ	3	jacobs-ladder-script
bright	ADJ	11	jacobs-ladder-script
fresh	ADJ	13	jacobs-ladder-script
huge	ADJ	1	jacobs-ladder-script
empty	ADJ	10	jacobs-ladder-script
more	ADJ	5	jacobs-ladder-script
fundamental	ADJ	5	jacobs-ladder-script
doc-	ADJ	0	jacobs-ladder-script
individual	ADJ	6	jacobs-ladder-script
about	ADJ	8	jacobs-ladder-script
asleep	ADJ	5	jacobs-ladder-script
amazing	ADJ	4	jacobs-ladder-script
other	ADJ	4	jacobs-ladder-script
human	ADJ	4	jacobs-ladder-script
capable	ADJ	5	jacobs-ladder-script
direct	ADJ	24	jacobs-ladder-script
superior	ADJ	13	jacobs-ladder-script
upper	ADJ	6	jacobs-ladder-script
double	ADJ	21	jacobs-ladder-script
eternal	ADJ	2	jacobs-ladder-script
important	ADJ	5	jacobs-ladder-script
separate	ADJ	19	jacobs-ladder-script
impossible	ADJ	4	jacobs-ladder-script
unconscious	ADJ	4	jacobs-ladder-script
little	ADJ	10	jacobs-ladder-script
surprised	ADJ	4	jacobs-ladder-script
unhappy	ADJ	4	jacobs-ladder-script
sudden	ADJ	1	jacobs-ladder-script
long	ADJ	12	jacobs-ladder-script
several	ADJ	3	jacobs-ladder-script
happy	ADJ	4	jacobs-ladder-script
old	ADJ	9	jacobs-ladder-script
postal	ADJ	1	jacobs-ladder-script
surprised	ADJ	4	jacobs-ladder-script
judgemental	ADJ	0	jacobs-ladder-script
good	ADJ	27	jacobs-ladder-script
34th	ADJ	1	jacobs-ladder-script
many	ADJ	1	jacobs-ladder-script
surprised	ADJ	4	jacobs-ladder-script
last	ADJ	21	jacobs-ladder-script
last	ADJ	21	jacobs-ladder-script
bad	ADJ	17	jacobs-ladder-script
small	ADJ	13	jacobs-ladder-script
other	ADJ	4	jacobs-ladder-script
brilliant	ADJ	6	jacobs-ladder-script
sub-	ADJ	0	jacobs-ladder-script
fiery	ADJ	3	jacobs-ladder-script
fatherly	ADJ	1	jacobs-ladder-script
great	ADJ	7	jacobs-ladder-script
quiet	ADJ	13	jacobs-ladder-script
empty	ADJ	10	jacobs-ladder-script
More	ADJ	5	jacobs-ladder-script
augus-	ADJ	0	jacobs-ladder-script
surprised	ADJ	4	jacobs-ladder-script
unsettling	ADJ	1	jacobs-ladder-script
little	ADJ	10	jacobs-ladder-script
fleshy	ADJ	2	jacobs-ladder-script
literary	ADJ	3	jacobs-ladder-script
biblical	ADJ	2	jacobs-ladder-script
20th	ADJ	1	jacobs-ladder-script
uneasy	ADJ	5	jacobs-ladder-script
easy	ADJ	15	jacobs-ladder-script
more	ADJ	5	jacobs-ladder-script
only	ADJ	9	jacobs-ladder-script
spiritual	ADJ	5	jacobs-ladder-script
fit	ADJ	16	jacobs-ladder-script
afraid	ADJ	4	jacobs-ladder-script
delicate	ADJ	7	jacobs-ladder-script
empirical	ADJ	2	jacobs-ladder-script
enternal	ADJ	0	jacobs-ladder-script
worldly	ADJ	2	jacobs-ladder-script
good	ADJ	27	jacobs-ladder-script
enough	ADJ	3	jacobs-ladder-script
disturbed	ADJ	9	jacobs-ladder-script
pathological	ADJ	3	jacobs-ladder-script
willing	ADJ	6	jacobs-ladder-script
own	ADJ	2	jacobs-ladder-script
lonely	ADJ	4	jacobs-ladder-script
strong	ADJ	10	jacobs-ladder-script
first	ADJ	16	jacobs-ladder-script
good	ADJ	27	jacobs-ladder-script
original	ADJ	6	jacobs-ladder-script
imaginative	ADJ	1	jacobs-ladder-script
old	ADJ	9	jacobs-ladder-script
surprised	ADJ	4	jacobs-ladder-script
stern	ADJ	7	jacobs-ladder-script
uncomfortable	ADJ	2	jacobs-ladder-script
strange	ADJ	3	jacobs-ladder-script
terrifying	ADJ	2	jacobs-ladder-script
shocking	ADJ	9	jacobs-ladder-script
full	ADJ	13	jacobs-ladder-script
three-	ADJ	0	jacobs-ladder-script
dimensional	ADJ	2	jacobs-ladder-script
physical	ADJ	7	jacobs-ladder-script
new	ADJ	12	jacobs-ladder-script
exotic	ADJ	2	jacobs-ladder-script
exciting	ADJ	10	jacobs-ladder-script
new	ADJ	12	jacobs-ladder-script
dorsal	ADJ	2	jacobs-ladder-script
armored	ADJ	4	jacobs-ladder-script
long	ADJ	12	jacobs-ladder-script
reptilian	ADJ	2	jacobs-ladder-script
biological	ADJ	2	jacobs-ladder-script
new	ADJ	12	jacobs-ladder-script
perverse	ADJ	3	jacobs-ladder-script
corrupt	ADJ	8	jacobs-ladder-script
normal	ADJ	5	jacobs-ladder-script
long	ADJ	12	jacobs-ladder-script
thin	ADJ	13	jacobs-ladder-script
domineering	ADJ	2	jacobs-ladder-script
spastic	ADJ	4	jacobs-ladder-script
delirious	ADJ	2	jacobs-ladder-script
other	ADJ	4	jacobs-ladder-script
orgiastic	ADJ	2	jacobs-ladder-script
desperate	ADJ	7	jacobs-ladder-script
dark	ADJ	16	jacobs-ladder-script
strange	ADJ	3	jacobs-ladder-script
bright	ADJ	11	jacobs-ladder-script
large	ADJ	11	jacobs-ladder-script
total	ADJ	7	jacobs-ladder-script
sparkling	ADJ	7	jacobs-ladder-script
exhilarating	ADJ	3	jacobs-ladder-script
dazzling	ADJ	4	jacobs-ladder-script
sensual	ADJ	2	jacobs-ladder-script
spectacular	ADJ	4	jacobs-ladder-script
compelling	ADJ	4	jacobs-ladder-script
tangible	ADJ	4	jacobs-ladder-script
celestial	ADJ	3	jacobs-ladder-script
infinite	ADJ	5	jacobs-ladder-script
majestic	ADJ	3	jacobs-ladder-script
awesome	ADJ	1	jacobs-ladder-script
other	ADJ	4	jacobs-ladder-script
worldly	ADJ	2	jacobs-ladder-script
difficult	ADJ	2	jacobs-ladder-script
celestial	ADJ	3	jacobs-ladder-script
hard	ADJ	22	jacobs-ladder-script
insistent	ADJ	2	jacobs-ladder-script
heavy	ADJ	30	jacobs-ladder-script
intense	ADJ	3	jacobs-ladder-script
red	ADJ	7	jacobs-ladder-script
blue	ADJ	16	jacobs-ladder-script
real	ADJ	13	jacobs-ladder-script
young	ADJ	14	jacobs-ladder-script
smug	ADJ	1	jacobs-ladder-script
large	ADJ	11	jacobs-ladder-script
inevitable	ADJ	3	jacobs-ladder-script
good	ADJ	27	jacobs-ladder-script
apt	ADJ	4	jacobs-ladder-script
close	ADJ	37	jacobs-ladder-script
defeatist	ADJ	1	jacobs-ladder-script
positive	ADJ	13	jacobs-ladder-script
only	ADJ	9	jacobs-ladder-script
other	ADJ	4	jacobs-ladder-script
blank	ADJ	8	jacobs-ladder-script
dark	ADJ	16	jacobs-ladder-script
warm	ADJ	13	jacobs-ladder-script
sudden	ADJ	1	jacobs-ladder-script
hallucinogenic	ADJ	1	jacobs-ladder-script
starry	ADJ	1	jacobs-ladder-script
momentary	ADJ	1	jacobs-ladder-script
sexual	ADJ	3	jacobs-ladder-script
lovely	ADJ	3	jacobs-ladder-script
radiant	ADJ	1	jacobs-ladder-script
ecstatic	ADJ	1	jacobs-ladder-script
comfortable	ADJ	5	jacobs-ladder-script
dark	ADJ	16	jacobs-ladder-script
fake	ADJ	8	jacobs-ladder-script
strange	ADJ	3	jacobs-ladder-script
precise	ADJ	2	jacobs-ladder-script
impossible	ADJ	4	jacobs-ladder-script
primordial	ADJ	1	jacobs-ladder-script
active	ADJ	17	jacobs-ladder-script
rocky	ADJ	4	jacobs-ladder-script
barren	ADJ	4	jacobs-ladder-script
solid	ADJ	18	jacobs-ladder-script
red	ADJ	7	jacobs-ladder-script
fiery	ADJ	3	jacobs-ladder-script
huge	ADJ	1	jacobs-ladder-script
white	ADJ	25	jacobs-ladder-script
dead	ADJ	21	jacobs-ladder-script
solid	ADJ	18	jacobs-ladder-script
blank	ADJ	8	jacobs-ladder-script
fetal	ADJ	1	jacobs-ladder-script
right	ADJ	36	jacobs-ladder-script
right	ADJ	36	jacobs-ladder-script
afraid	ADJ	4	jacobs-ladder-script
own	ADJ	2	jacobs-ladder-script
tender	ADJ	18	jacobs-ladder-script
comforting	ADJ	4	jacobs-ladder-script
white	ADJ	25	jacobs-ladder-script
sterile	ADJ	3	jacobs-ladder-script
reddish	ADJ	1	jacobs-ladder-script
dimensional	ADJ	2	jacobs-ladder-script
dimensional	ADJ	2	jacobs-ladder-script
solid	ADJ	18	jacobs-ladder-script
transmuted	ADJ	3	jacobs-ladder-script
several	ADJ	3	jacobs-ladder-script
traditional	ADJ	2	jacobs-ladder-script
mournful	ADJ	2	jacobs-ladder-script
drugged	ADJ	3	jacobs-ladder-script
tiny	ADJ	1	jacobs-ladder-script
huge	ADJ	1	jacobs-ladder-script
hallucinogenic	ADJ	1	jacobs-ladder-script
dead	ADJ	21	jacobs-ladder-script
endless	ADJ	4	jacobs-ladder-script
countless	ADJ	1	jacobs-ladder-script
own	ADJ	2	jacobs-ladder-script
sharp	ADJ	15	jacobs-ladder-script
surgical	ADJ	3	jacobs-ladder-script
bright	ADJ	11	jacobs-ladder-script
great	ADJ	7	jacobs-ladder-script
strange	ADJ	3	jacobs-ladder-script
human	ADJ	4	jacobs-ladder-script
contradictory	ADJ	5	jacobs-ladder-script
sincere	ADJ	2	jacobs-ladder-script
compassionate	ADJ	2	jacobs-ladder-script
same	ADJ	6	jacobs-ladder-script
own	ADJ	2	jacobs-ladder-script
several	ADJ	3	jacobs-ladder-script
occasional	ADJ	4	jacobs-ladder-script
open	ADJ	36	jacobs-ladder-script
tense	ADJ	8	jacobs-ladder-script
insensitive	ADJ	2	jacobs-ladder-script
ready	ADJ	8	jacobs-ladder-script
strange	ADJ	3	jacobs-ladder-script
human	ADJ	4	jacobs-ladder-script
angry	ADJ	3	jacobs-ladder-script
fucking	ADJ	4	jacobs-ladder-script
gettin	ADJ	0	jacobs-ladder-script
furious	ADJ	3	jacobs-ladder-script
goddamn	ADJ	3	jacobs-ladder-script
own	ADJ	2	jacobs-ladder-script
ungrateful	ADJ	2	jacobs-ladder-script
open	ADJ	36	jacobs-ladder-script
occasional	ADJ	4	jacobs-ladder-script
front	ADJ	13	jacobs-ladder-script
furious	ADJ	3	jacobs-ladder-script
great	ADJ	7	jacobs-ladder-script
open	ADJ	36	jacobs-ladder-script
huge	ADJ	1	jacobs-ladder-script
sharp	ADJ	15	jacobs-ladder-script
hooved	ADJ	1	jacobs-ladder-script
full	ADJ	13	jacobs-ladder-script
entire	ADJ	5	jacobs-ladder-script
violent	ADJ	5	jacobs-ladder-script
whole	ADJ	8	jacobs-ladder-script
continental	ADJ	4	jacobs-ladder-script
horrible	ADJ	1	jacobs-ladder-script
other	ADJ	4	jacobs-ladder-script
dark	ADJ	16	jacobs-ladder-script
raw	ADJ	14	jacobs-ladder-script
dazzling	ADJ	4	jacobs-ladder-script
intense	ADJ	3	jacobs-ladder-script
forward	ADJ	12	jacobs-ladder-script
absolute	ADJ	6	jacobs-ladder-script
quiet	ADJ	13	jacobs-ladder-script
pastel	ADJ	3	jacobs-ladder-script
colored	ADJ	11	jacobs-ladder-script
new	ADJ	12	jacobs-ladder-script
intricate	ADJ	1	jacobs-ladder-script
stunning	ADJ	7	jacobs-ladder-script
bright	ADJ	11	jacobs-ladder-script
vivid	ADJ	4	jacobs-ladder-script
solid	ADJ	18	jacobs-ladder-script
vast	ADJ	1	jacobs-ladder-script
mythic	ADJ	2	jacobs-ladder-script
intense	ADJ	3	jacobs-ladder-script
shimmering	ADJ	2	jacobs-ladder-script
sudden	ADJ	1	jacobs-ladder-script
full	ADJ	13	jacobs-ladder-script
plastic	ADJ	5	jacobs-ladder-script
dimensional	ADJ	2	jacobs-ladder-script
very	ADJ	4	jacobs-ladder-script
own	ADJ	2	jacobs-ladder-script
inner	ADJ	6	jacobs-ladder-script
transcendental	ADJ	2	jacobs-ladder-script
extraordinary	ADJ	3	jacobs-ladder-script
joyous	ADJ	1	jacobs-ladder-script
such	ADJ	2	jacobs-ladder-script
intense	ADJ	3	jacobs-ladder-script
intense	ADJ	3	jacobs-ladder-script
pure	ADJ	7	jacobs-ladder-script
many	ADJ	1	jacobs-ladder-script
postal	ADJ	1	jacobs-ladder-script
wrong	ADJ	13	jacobs-ladder-script
right	ADJ	36	jacobs-ladder-script
okay	ADJ	4	jacobs-ladder-script
upset	ADJ	17	jacobs-ladder-script
angry	ADJ	3	jacobs-ladder-script
upset	ADJ	17	jacobs-ladder-script
tired	ADJ	6	jacobs-ladder-script
terrible	ADJ	4	jacobs-ladder-script
concerned	ADJ	5	jacobs-ladder-script
bad	ADJ	17	jacobs-ladder-script
happenin	ADJ	0	jacobs-ladder-script
innocent	ADJ	8	jacobs-ladder-script
angry	ADJ	3	jacobs-ladder-script
funny	ADJ	5	jacobs-ladder-script
more	ADJ	5	jacobs-ladder-script
quiet	ADJ	13	jacobs-ladder-script
close	ADJ	37	jacobs-ladder-script
few	ADJ	2	jacobs-ladder-script
open	ADJ	36	jacobs-ladder-script
hideous	ADJ	2	jacobs-ladder-script
ready	ADJ	8	jacobs-ladder-script
sorry	ADJ	4	jacobs-ladder-script
comfortable	ADJ	5	jacobs-ladder-script
cozy	ADJ	4	jacobs-ladder-script
surprised	ADJ	4	jacobs-ladder-script
old	ADJ	9	jacobs-ladder-script
surprised	ADJ	4	jacobs-ladder-script
startled	ADJ	3	jacobs-ladder-script
usual	ADJ	2	jacobs-ladder-script
large	ADJ	11	jacobs-ladder-script
imposing	ADJ	5	jacobs-ladder-script
nervous	ADJ	5	jacobs-ladder-script
frightening	ADJ	4	jacobs-ladder-script
powerful	ADJ	6	jacobs-ladder-script
nervous	ADJ	5	jacobs-ladder-script
conscious	ADJ	3	jacobs-ladder-script
first	ADJ	16	jacobs-ladder-script
inner	ADJ	6	jacobs-ladder-script
human	ADJ	4	jacobs-ladder-script
remarkable	ADJ	2	jacobs-ladder-script
pointed	ADJ	16	jacobs-ladder-script
wrong	ADJ	13	jacobs-ladder-script
romantic	ADJ	5	jacobs-ladder-script
open	ADJ	36	jacobs-ladder-script
huge	ADJ	1	jacobs-ladder-script
light	ADJ	47	jacobs-ladder-script
open	ADJ	36	jacobs-ladder-script
fiery	ADJ	3	jacobs-ladder-script
new	ADJ	12	jacobs-ladder-script
demonic	ADJ	1	jacobs-ladder-script
many	ADJ	1	jacobs-ladder-script
many	ADJ	1	jacobs-ladder-script
consummate	ADJ	5	jacobs-ladder-script
total	ADJ	7	jacobs-ladder-script
unrelieved	ADJ	1	jacobs-ladder-script
transfigured	ADJ	2	jacobs-ladder-script
demonic	ADJ	1	jacobs-ladder-script
black	ADJ	22	jacobs-ladder-script
thick	ADJ	13	jacobs-ladder-script
oozing	ADJ	4	jacobs-ladder-script
recognizable	ADJ	2	jacobs-ladder-script
like	ADJ	11	jacobs-ladder-script
green	ADJ	14	jacobs-ladder-script
terrible	ADJ	4	jacobs-ladder-script
powerful	ADJ	6	jacobs-ladder-script
spiked	ADJ	7	jacobs-ladder-script
long	ADJ	12	jacobs-ladder-script
thick	ADJ	13	jacobs-ladder-script
muscular	ADJ	4	jacobs-ladder-script
devastating	ADJ	5	jacobs-ladder-script
sudden	ADJ	1	jacobs-ladder-script
dark	ADJ	16	jacobs-ladder-script
breathless	ADJ	3	jacobs-ladder-script
huge	ADJ	1	jacobs-ladder-script
other	ADJ	4	jacobs-ladder-script
other	ADJ	4	jacobs-ladder-script
whole	ADJ	8	jacobs-ladder-script
full	ADJ	13	jacobs-ladder-script
devastating	ADJ	5	jacobs-ladder-script
very	ADJ	4	jacobs-ladder-script
animalistic	ADJ	1	jacobs-ladder-script
giant	ADJ	8	jacobs-ladder-script
delicate	ADJ	7	jacobs-ladder-script
last	ADJ	21	jacobs-ladder-script
fiery	ADJ	3	jacobs-ladder-script
awesome	ADJ	1	jacobs-ladder-script
rocky	ADJ	4	jacobs-ladder-script
much	ADJ	7	jacobs-ladder-script
huge	ADJ	1	jacobs-ladder-script
powerful	ADJ	6	jacobs-ladder-script
such	ADJ	2	jacobs-ladder-script
entire	ADJ	5	jacobs-ladder-script
massive	ADJ	4	jacobs-ladder-script
whole	ADJ	8	jacobs-ladder-script
next	ADJ	4	jacobs-ladder-script
new	ADJ	12	jacobs-ladder-script
new	ADJ	12	jacobs-ladder-script
rapid	ADJ	3	jacobs-ladder-script
gelatinous	ADJ	1	jacobs-ladder-script
translucent	ADJ	1	jacobs-ladder-script
new	ADJ	12	jacobs-ladder-script
terrible	ADJ	4	jacobs-ladder-script
own	ADJ	2	jacobs-ladder-script
own	ADJ	2	jacobs-ladder-script
first	ADJ	16	jacobs-ladder-script
like	ADJ	11	jacobs-ladder-script
oily	ADJ	4	jacobs-ladder-script
shallow	ADJ	6	jacobs-ladder-script
smoky	ADJ	2	jacobs-ladder-script
alone	ADJ	6	jacobs-ladder-script
quiet	ADJ	13	jacobs-ladder-script
only	ADJ	9	jacobs-ladder-script
own	ADJ	2	jacobs-ladder-script
next	ADJ	4	jacobs-ladder-script
terrible	ADJ	4	jacobs-ladder-script
subtle	ADJ	3	jacobs-ladder-script
spontaneous	ADJ	2	jacobs-ladder-script
low	ADJ	16	jacobs-ladder-script
wild	ADJ	17	jacobs-ladder-script
total	ADJ	7	jacobs-ladder-script
black	ADJ	22	jacobs-ladder-script
motionless	ADJ	1	jacobs-ladder-script
absolute	ADJ	6	jacobs-ladder-script
total	ADJ	7	jacobs-ladder-script
quiet	ADJ	13	jacobs-ladder-script
dark	ADJ	16	jacobs-ladder-script
buddhist	ADJ	2	jacobs-ladder-script
sudden	ADJ	1	jacobs-ladder-script
brittle	ADJ	4	jacobs-ladder-script
motionless	ADJ	1	jacobs-ladder-script
orange	ADJ	6	jacobs-ladder-script
final	ADJ	5	jacobs-ladder-script
dark	ADJ	16	jacobs-ladder-script
possible	ADJ	4	jacobs-ladder-script
eerie	ADJ	2	jacobs-ladder-script
unfamiliar	ADJ	1	jacobs-ladder-script
unrecognizable	ADJ	1	jacobs-ladder-script
shocking	ADJ	9	jacobs-ladder-script
alive	ADJ	7	jacobs-ladder-script
conscious	ADJ	3	jacobs-ladder-script
first	ADJ	16	jacobs-ladder-script
new	ADJ	12	jacobs-ladder-script
dark	ADJ	16	jacobs-ladder-script
preternatural	ADJ	2	jacobs-ladder-script
huge	ADJ	1	jacobs-ladder-script
open	ADJ	36	jacobs-ladder-script
familiar	ADJ	7	jacobs-ladder-script
dark	ADJ	16	jacobs-ladder-script
same	ADJ	6	jacobs-ladder-script
new	ADJ	12	jacobs-ladder-script
sudden	ADJ	1	jacobs-ladder-script
soft	ADJ	20	jacobs-ladder-script
gentle	ADJ	10	jacobs-ladder-script
radiant	ADJ	1	jacobs-ladder-script
dark	ADJ	16	jacobs-ladder-script
gentle	ADJ	10	jacobs-ladder-script
charred	ADJ	2	jacobs-ladder-script
unexpected	ADJ	1	jacobs-ladder-script
whole	ADJ	8	jacobs-ladder-script
quick	ADJ	8	jacobs-ladder-script
astounding	ADJ	3	jacobs-ladder-script
sparkle	ADJ	7	jacobs-ladder-script
burst-	ADJ	0	jacobs-ladder-script
ing	ADJ	0	jacobs-ladder-script
old	ADJ	9	jacobs-ladder-script
black	ADJ	22	jacobs-ladder-script
sudden	ADJ	1	jacobs-ladder-script
light	ADJ	47	jacobs-ladder-script
huge	ADJ	1	jacobs-ladder-script
gigantic	ADJ	1	jacobs-ladder-script
old	ADJ	9	jacobs-ladder-script
radiant	ADJ	1	jacobs-ladder-script
light	ADJ	47	jacobs-ladder-script
transfigured	ADJ	2	jacobs-ladder-script
own	ADJ	2	jacobs-ladder-script
own	ADJ	2	jacobs-ladder-script
majestic	ADJ	3	jacobs-ladder-script
biblical	ADJ	2	jacobs-ladder-script
great	ADJ	7	jacobs-ladder-script
vast	ADJ	1	jacobs-ladder-script
cloud	ADJ	14	jacobs-ladder-script
high	ADJ	18	jacobs-ladder-script
massive	ADJ	4	jacobs-ladder-script
light	ADJ	47	jacobs-ladder-script
unknown	ADJ	8	jacobs-ladder-script
infinite	ADJ	5	jacobs-ladder-script
many	ADJ	1	jacobs-ladder-script
open	ADJ	36	jacobs-ladder-script
brilliant	ADJ	6	jacobs-ladder-script
thrilling	ADJ	6	jacobs-ladder-script
own	ADJ	2	jacobs-ladder-script
inner	ADJ	6	jacobs-ladder-script
light	ADJ	47	jacobs-ladder-script
wondrous	ADJ	2	jacobs-ladder-script
fast	ADJ	15	jacobs-ladder-script
visible	ADJ	3	jacobs-ladder-script
starry	ADJ	1	jacobs-ladder-script
about	ADJ	8	jacobs-ladder-script
total	ADJ	7	jacobs-ladder-script
brilliant	ADJ	6	jacobs-ladder-script
small	ADJ	13	jacobs-ladder-script
light	ADJ	47	jacobs-ladder-script
overhead	ADJ	9	jacobs-ladder-script
surgical	ADJ	3	jacobs-ladder-script
somber	ADJ	2	jacobs-ladder-script
simple	ADJ	9	jacobs-ladder-script
final	ADJ	5	jacobs-ladder-script
large	ADJ	11	jacobs-ladder-script
green	ADJ	14	jacobs-ladder-script
other	ADJ	4	jacobs-ladder-script
young	ADJ	14	jacobs-ladder-script
vietnamese	ADJ	3	jacobs-ladder-script
bright	ADJ	11	jacobs-ladder-script
fresh	ADJ	13	jacobs-ladder-script
other	ADJ	4	shinning-dialogue
first	ADJ	16	shinning-dialogue
round	ADJ	25	shinning-dialogue
nice	ADJ	6	shinning-dialogue
good	ADJ	27	shinning-dialogue
good	ADJ	27	shinning-dialogue
little	ADJ	10	shinning-dialogue
new	ADJ	12	shinning-dialogue
different	ADJ	5	shinning-dialogue
silly	ADJ	5	shinning-dialogue
different	ADJ	5	shinning-dialogue
different	ADJ	5	shinning-dialogue
real	ADJ	13	shinning-dialogue
good	ADJ	27	shinning-dialogue
pleased	ADJ	5	shinning-dialogue
less	ADJ	5	shinning-dialogue
about	ADJ	8	shinning-dialogue
fantastic	ADJ	5	shinning-dialogue
enormous	ADJ	1	shinning-dialogue
open	ADJ	36	shinning-dialogue
feasible	ADJ	1	shinning-dialogue
clear	ADJ	45	shinning-dialogue
little	ADJ	10	shinning-dialogue
scenic	ADJ	2	shinning-dialogue
right	ADJ	36	shinning-dialogue
general	ADJ	10	shinning-dialogue
cruel	ADJ	1	shinning-dialogue
basic	ADJ	6	shinning-dialogue
costly	ADJ	2	shinning-dialogue
different	ADJ	5	shinning-dialogue
daily	ADJ	5	shinning-dialogue
fine	ADJ	10	shinning-dialogue
demanding	ADJ	7	shinning-dialogue
only	ADJ	9	shinning-dialogue
tremendous	ADJ	3	shinning-dialogue
new	ADJ	12	shinning-dialogue
good	ADJ	27	shinning-dialogue
great	ADJ	7	shinning-dialogue
other	ADJ	4	shinning-dialogue
melodramatic	ADJ	2	shinning-dialogue
few	ADJ	2	shinning-dialogue
second	ADJ	15	shinning-dialogue
little	ADJ	10	shinning-dialogue
good	ADJ	27	shinning-dialogue
good	ADJ	27	shinning-dialogue
normal	ADJ	5	shinning-dialogue
complete	ADJ	10	shinning-dialogue
mental	ADJ	5	shinning-dialogue
old	ADJ	9	shinning-dialogue
claustrophobic	ADJ	2	shinning-dialogue
long	ADJ	12	shinning-dialogue
hard	ADJ	22	shinning-dialogue
sure	ADJ	10	shinning-dialogue
fascinated	ADJ	4	shinning-dialogue
confirmed	ADJ	7	shinning-dialogue
open	ADJ	36	shinning-dialogue
few	ADJ	2	shinning-dialogue
great	ADJ	7	shinning-dialogue
awful	ADJ	7	shinning-dialogue
beautiful	ADJ	2	shinning-dialogue
little	ADJ	10	shinning-dialogue
black	ADJ	22	shinning-dialogue
good	ADJ	27	shinning-dialogue
other	ADJ	4	shinning-dialogue
good	ADJ	27	shinning-dialogue
funny	ADJ	5	shinning-dialogue
bright	ADJ	11	shinning-dialogue
strange	ADJ	3	shinning-dialogue
next	ADJ	4	shinning-dialogue
little	ADJ	10	shinning-dialogue
imaginary	ADJ	2	shinning-dialogue
fine	ADJ	10	shinning-dialogue
other	ADJ	4	shinning-dialogue
few	ADJ	2	shinning-dialogue
okay	ADJ	4	shinning-dialogue
sure	ADJ	10	shinning-dialogue
wrong	ADJ	13	shinning-dialogue
fine	ADJ	10	shinning-dialogue
uncommon	ADJ	2	shinning-dialogue
bad	ADJ	17	shinning-dialogue
most	ADJ	5	shinning-dialogue
emotional	ADJ	4	shinning-dialogue
akin	ADJ	2	shinning-dialogue
sure	ADJ	10	shinning-dialogue
right	ADJ	36	shinning-dialogue
light	ADJ	47	shinning-dialogue
imaginary	ADJ	2	shinning-dialogue
first	ADJ	16	shinning-dialogue
great	ADJ	7	shinning-dialogue
particular	ADJ	9	shinning-dialogue
much	ADJ	7	shinning-dialogue
good	ADJ	27	shinning-dialogue
high	ADJ	18	shinning-dialogue
different	ADJ	5	shinning-dialogue
hungry	ADJ	2	shinning-dialogue
okay	ADJ	4	shinning-dialogue
alive	ADJ	7	shinning-dialogue
other	ADJ	4	shinning-dialogue
okay	ADJ	4	shinning-dialogue
first	ADJ	16	shinning-dialogue
good	ADJ	27	shinning-dialogue
glad	ADJ	5	shinning-dialogue
quick	ADJ	8	shinning-dialogue
beautiful	ADJ	2	shinning-dialogue
fantastic	ADJ	5	shinning-dialogue
hon	ADJ	0	shinning-dialogue
indian	ADJ	5	shinning-dialogue
authentic	ADJ	2	shinning-dialogue
gorgeous	ADJ	1	shinning-dialogue
gorgeous	ADJ	1	shinning-dialogue
old	ADJ	9	shinning-dialogue
illustrious	ADJ	2	shinning-dialogue
good	ADJ	27	shinning-dialogue
open	ADJ	36	shinning-dialogue
open	ADJ	36	shinning-dialogue
other	ADJ	4	shinning-dialogue
heated	ADJ	6	shinning-dialogue
small	ADJ	13	shinning-dialogue
small	ADJ	13	shinning-dialogue
easy	ADJ	15	shinning-dialogue
famous	ADJ	1	shinning-dialogue
high	ADJ	18	shinning-dialogue
old	ADJ	9	shinning-dialogue
indian	ADJ	5	shinning-dialogue
few	ADJ	2	shinning-dialogue
indian	ADJ	5	shinning-dialogue
red	ADJ	7	shinning-dialogue
fine	ADJ	10	shinning-dialogue
last	ADJ	21	shinning-dialogue
beautiful	ADJ	2	shinning-dialogue
pink	ADJ	7	shinning-dialogue
favorite	ADJ	5	shinning-dialogue
gold	ADJ	7	shinning-dialogue
closed	ADJ	26	shinning-dialogue
good	ADJ	27	shinning-dialogue
afraid	ADJ	4	shinning-dialogue
own	ADJ	2	shinning-dialogue
shuttered	ADJ	2	shinning-dialogue
great	ADJ	7	shinning-dialogue
wonderful	ADJ	1	shinning-dialogue
tired	ADJ	6	shinning-dialogue
ready	ADJ	8	shinning-dialogue
good	ADJ	27	shinning-dialogue
nice	ADJ	6	shinning-dialogue
big	ADJ	17	shinning-dialogue
big	ADJ	17	shinning-dialogue
whole	ADJ	8	shinning-dialogue
enormous	ADJ	1	shinning-dialogue
big	ADJ	17	shinning-dialogue
sure	ADJ	10	shinning-dialogue
whole	ADJ	8	shinning-dialogue
same	ADJ	6	shinning-dialogue
various	ADJ	4	shinning-dialogue
favorite	ADJ	5	shinning-dialogue
possible	ADJ	4	shinning-dialogue
hot	ADJ	21	shinning-dialogue
cold	ADJ	16	shinning-dialogue
black	ADJ	22	shinning-dialogue
open	ADJ	36	shinning-dialogue
regular	ADJ	17	shinning-dialogue
happy	ADJ	4	shinning-dialogue
fine	ADJ	10	shinning-dialogue
few	ADJ	2	shinning-dialogue
good	ADJ	27	shinning-dialogue
amazing	ADJ	4	shinning-dialogue
much	ADJ	7	shinning-dialogue
last	ADJ	21	shinning-dialogue
hectic	ADJ	1	shinning-dialogue
possible	ADJ	4	shinning-dialogue
little	ADJ	10	shinning-dialogue
long	ADJ	12	shinning-dialogue
only	ADJ	9	shinning-dialogue
other	ADJ	4	shinning-dialogue
able	ADJ	4	shinning-dialogue
little	ADJ	10	shinning-dialogue
scared	ADJ	4	shinning-dialogue
scared	ADJ	4	shinning-dialogue
bad	ADJ	17	shinning-dialogue
other	ADJ	4	shinning-dialogue
long	ADJ	12	shinning-dialogue
particular	ADJ	9	shinning-dialogue
good	ADJ	27	shinning-dialogue
scared	ADJ	4	shinning-dialogue
asleep	ADJ	5	shinning-dialogue
ready	ADJ	8	shinning-dialogue
sunny	ADJ	1	shinning-dialogue
nice	ADJ	6	shinning-dialogue
empty	ADJ	10	shinning-dialogue
good	ADJ	27	shinning-dialogue
nice	ADJ	6	shinning-dialogue
happy	ADJ	4	shinning-dialogue
comfortable	ADJ	5	shinning-dialogue
amazing	ADJ	4	shinning-dialogue
big	ADJ	17	shinning-dialogue
ridiculous	ADJ	3	shinning-dialogue
american	ADJ	5	shinning-dialogue
clean	ADJ	31	shinning-dialogue
right	ADJ	36	shinning-dialogue
clean	ADJ	31	shinning-dialogue
beautiful	ADJ	2	shinning-dialogue
dead	ADJ	21	shinning-dialogue
dead	ADJ	21	shinning-dialogue
beautiful	ADJ	2	shinning-dialogue
pretty	ADJ	3	shinning-dialogue
big	ADJ	17	shinning-dialogue
portable	ADJ	3	shinning-dialogue
old	ADJ	9	shinning-dialogue
good	ADJ	27	shinning-dialogue
beautiful	ADJ	2	shinning-dialogue
hard	ADJ	22	shinning-dialogue
close	ADJ	37	shinning-dialogue
cold	ADJ	16	shinning-dialogue
right	ADJ	36	shinning-dialogue
incredible	ADJ	1	shinning-dialogue
grouchy	ADJ	1	shinning-dialogue
grouchy	ADJ	1	shinning-dialogue
new	ADJ	12	shinning-dialogue
l.ear	ADJ	0	shinning-dialogue
various	ADJ	4	shinning-dialogue
fine	ADJ	10	shinning-dialogue
few	ADJ	2	shinning-dialogue
Most	ADJ	5	shinning-dialogue
bad	ADJ	17	shinning-dialogue
good	ADJ	27	shinning-dialogue
real	ADJ	13	shinning-dialogue
nice	ADJ	6	shinning-dialogue
empty	ADJ	10	shinning-dialogue
bloodstained	ADJ	1	shinning-dialogue
bloodstained	ADJ	1	shinning-dialogue
bloodstained	ADJ	1	shinning-dialogue
bloodstained	ADJ	1	shinning-dialogue
empty	ADJ	10	shinning-dialogue
open	ADJ	36	shinning-dialogue
empty	ADJ	10	shinning-dialogue
scared	ADJ	4	shinning-dialogue
real	ADJ	13	shinning-dialogue
okay	ADJ	4	shinning-dialogue
great	ADJ	7	shinning-dialogue
marvellous	ADJ	3	shinning-dialogue
ready	ADJ	8	shinning-dialogue
few	ADJ	2	shinning-dialogue
asleep	ADJ	5	shinning-dialogue
few	ADJ	2	shinning-dialogue
right	ADJ	36	shinning-dialogue
sure	ADJ	10	shinning-dialogue
open	ADJ	36	shinning-dialogue
good	ADJ	27	shinning-dialogue
good	ADJ	27	shinning-dialogue
bad	ADJ	17	shinning-dialogue
little	ADJ	10	shinning-dialogue
tired	ADJ	6	shinning-dialogue
much	ADJ	7	shinning-dialogue
sure	ADJ	10	shinning-dialogue
whole	ADJ	8	shinning-dialogue
yellow	ADJ	8	shinning-dialogue
empty	ADJ	10	shinning-dialogue
empty	ADJ	10	shinning-dialogue
second	ADJ	15	shinning-dialogue
asleep	ADJ	5	shinning-dialogue
wrong	ADJ	13	shinning-dialogue
wrong	ADJ	13	shinning-dialogue
terrible	ADJ	4	shinning-dialogue
horrible	ADJ	1	shinning-dialogue
okay	ADJ	4	shinning-dialogue
okay	ADJ	4	shinning-dialogue
little	ADJ	10	shinning-dialogue
right	ADJ	36	shinning-dialogue
okay	ADJ	4	shinning-dialogue
goddam	ADJ	2	shinning-dialogue
little	ADJ	10	shinning-dialogue
slow	ADJ	11	shinning-dialogue
glad	ADJ	5	shinning-dialogue
afraid	ADJ	4	shinning-dialogue
next	ADJ	4	shinning-dialogue
busy	ADJ	6	shinning-dialogue
busy	ADJ	6	shinning-dialogue
good	ADJ	27	shinning-dialogue
light	ADJ	47	shinning-dialogue
swell	ADJ	11	shinning-dialogue
good	ADJ	27	shinning-dialogue
good	ADJ	27	shinning-dialogue
goddamned	ADJ	2	shinning-dialogue
miserable	ADJ	6	shinning-dialogue
irreparable	ADJ	1	shinning-dialogue
well	ADJ	22	shinning-dialogue
whole	ADJ	8	shinning-dialogue
well	ADJ	22	shinning-dialogue
serious	ADJ	6	shinning-dialogue
serious	ADJ	6	shinning-dialogue
little	ADJ	10	shinning-dialogue
old	ADJ	9	shinning-dialogue
goddam	ADJ	2	shinning-dialogue
little	ADJ	10	shinning-dialogue
little	ADJ	10	shinning-dialogue
fucking	ADJ	4	shinning-dialogue
damn	ADJ	5	shinning-dialogue
okay	ADJ	4	shinning-dialogue
complete	ADJ	10	shinning-dialogue
goddam	ADJ	2	shinning-dialogue
little	ADJ	10	shinning-dialogue
momentary	ADJ	1	shinning-dialogue
muscular	ADJ	4	shinning-dialogue
few	ADJ	2	shinning-dialogue
extra	ADJ	7	shinning-dialogue
second	ADJ	15	shinning-dialogue
crazy	ADJ	6	shinning-dialogue
fucking	ADJ	4	shinning-dialogue
open	ADJ	36	shinning-dialogue
crazy	ADJ	6	shinning-dialogue
bare	ADJ	13	shinning-dialogue
superimposed	ADJ	3	shinning-dialogue
good	ADJ	27	shinning-dialogue
mid	ADJ	1	shinning-dialogue
upper	ADJ	6	shinning-dialogue
few	ADJ	2	shinning-dialogue
impossible	ADJ	4	shinning-dialogue
least	ADJ	3	shinning-dialogue
more	ADJ	5	shinning-dialogue
heavy	ADJ	30	shinning-dialogue
opposite	ADJ	11	shinning-dialogue
local	ADJ	5	shinning-dialogue
jammed	ADJ	8	shinning-dialogue
local	ADJ	5	shinning-dialogue
open	ADJ	36	shinning-dialogue
open	ADJ	36	shinning-dialogue
open	ADJ	36	shinning-dialogue
young	ADJ	14	shinning-dialogue
young	ADJ	14	shinning-dialogue
young	ADJ	14	shinning-dialogue
young	ADJ	14	shinning-dialogue
young	ADJ	14	shinning-dialogue
young	ADJ	14	shinning-dialogue
elderly	ADJ	2	shinning-dialogue
naked	ADJ	5	shinning-dialogue
elderly	ADJ	2	shinning-dialogue
outstretched	ADJ	1	shinning-dialogue
naked	ADJ	5	shinning-dialogue
elderly	ADJ	2	shinning-dialogue
naked	ADJ	5	shinning-dialogue
elderly	ADJ	2	shinning-dialogue
outstretched	ADJ	1	shinning-dialogue
naked	ADJ	5	shinning-dialogue
elderly	ADJ	2	shinning-dialogue
sorry	ADJ	4	shinning-dialogue
front	ADJ	13	shinning-dialogue
front	ADJ	13	shinning-dialogue
goddam	ADJ	2	shinning-dialogue
asleep	ADJ	5	shinning-dialogue
sure	ADJ	10	shinning-dialogue
sure	ADJ	10	shinning-dialogue
right	ADJ	36	shinning-dialogue
open	ADJ	36	shinning-dialogue
possible	ADJ	4	shinning-dialogue
other	ADJ	4	shinning-dialogue
different	ADJ	5	shinning-dialogue
open	ADJ	36	shinning-dialogue
fucking	ADJ	4	shinning-dialogue
typical	ADJ	3	shinning-dialogue
own	ADJ	2	shinning-dialogue
front	ADJ	13	shinning-dialogue
front	ADJ	13	shinning-dialogue
empty	ADJ	10	shinning-dialogue
good	ADJ	27	shinning-dialogue
good	ADJ	27	shinning-dialogue
urgent	ADJ	1	shinning-dialogue
afraid	ADJ	4	shinning-dialogue
young	ADJ	14	shinning-dialogue
okay	ADJ	4	shinning-dialogue
glad	ADJ	5	shinning-dialogue
crowded	ADJ	5	shinning-dialogue
d	ADJ	4	shinning-dialogue
good	ADJ	27	shinning-dialogue
good	ADJ	27	shinning-dialogue
crowded	ADJ	5	shinning-dialogue
good	ADJ	27	shinning-dialogue
good	ADJ	27	shinning-dialogue
good	ADJ	27	shinning-dialogue
big	ADJ	17	shinning-dialogue
good	ADJ	27	shinning-dialogue
least	ADJ	3	shinning-dialogue
sorry	ADJ	4	shinning-dialogue
advocaat	ADJ	0	shinning-dialogue
awful	ADJ	7	shinning-dialogue
right	ADJ	36	shinning-dialogue
afraid	ADJ	4	shinning-dialogue
advocaat	ADJ	0	shinning-dialogue
good	ADJ	27	shinning-dialogue
old	ADJ	9	shinning-dialogue
important	ADJ	5	shinning-dialogue
nice	ADJ	6	shinning-dialogue
soiree	ADJ	1	shinning-dialogue
wise	ADJ	7	shinning-dialogue
wise	ADJ	7	shinning-dialogue
open	ADJ	36	shinning-dialogue
little	ADJ	10	shinning-dialogue
right	ADJ	36	shinning-dialogue
married	ADJ	5	shinning-dialogue
sure	ADJ	10	shinning-dialogue
little	ADJ	10	shinning-dialogue
strange	ADJ	3	shinning-dialogue
sorry	ADJ	4	shinning-dialogue
outside	ADJ	14	shinning-dialogue
great	ADJ	7	shinning-dialogue
aware	ADJ	2	shinning-dialogue
great	ADJ	7	shinning-dialogue
very	ADJ	4	shinning-dialogue
willful	ADJ	2	shinning-dialogue
willful	ADJ	2	shinning-dialogue
naughty	ADJ	2	shinning-dialogue
bold	ADJ	4	shinning-dialogue
good	ADJ	27	shinning-dialogue
more	ADJ	5	shinning-dialogue
able	ADJ	4	shinning-dialogue
bad	ADJ	17	shinning-dialogue
bad	ADJ	17	shinning-dialogue
okay	ADJ	4	shinning-dialogue
past	ADJ	6	shinning-dialogue
inner	ADJ	6	shinning-dialogue
more	ADJ	5	shinning-dialogue
good	ADJ	27	shinning-dialogue
several	ADJ	3	shinning-dialogue
glad	ADJ	5	shinning-dialogue
nice	ADJ	6	shinning-dialogue
other	ADJ	4	shinning-dialogue
due	ADJ	7	shinning-dialogue
big	ADJ	17	shinning-dialogue
serious	ADJ	6	shinning-dialogue
unreliable	ADJ	4	shinning-dialogue
last	ADJ	21	shinning-dialogue
right	ADJ	36	shinning-dialogue
good	ADJ	27	shinning-dialogue
bad	ADJ	17	shinning-dialogue
heavy	ADJ	30	shinning-dialogue
many	ADJ	1	shinning-dialogue
few	ADJ	2	shinning-dialogue
early	ADJ	9	shinning-dialogue
entire	ADJ	5	shinning-dialogue
national	ADJ	8	shinning-dialogue
advisory	ADJ	2	shinning-dialogue
many	ADJ	1	shinning-dialogue
few	ADJ	2	shinning-dialogue
okay	ADJ	4	shinning-dialogue
right	ADJ	36	shinning-dialogue
open	ADJ	36	shinning-dialogue
other	ADJ	4	shinning-dialogue
dull	ADJ	19	shinning-dialogue
top	ADJ	22	shinning-dialogue
dull	ADJ	19	shinning-dialogue
top	ADJ	22	shinning-dialogue
dull	ADJ	19	shinning-dialogue
revealing	ADJ	6	shinning-dialogue
clear	ADJ	45	shinning-dialogue
nervous	ADJ	5	shinning-dialogue
true	ADJ	15	shinning-dialogue
definite	ADJ	2	shinning-dialogue
possible	ADJ	4	shinning-dialogue
possible	ADJ	4	shinning-dialogue
concerned	ADJ	5	shinning-dialogue
concerned	ADJ	5	shinning-dialogue
single	ADJ	10	shinning-dialogue
single	ADJ	10	shinning-dialogue
solitary	ADJ	7	shinning-dialogue
first	ADJ	16	shinning-dialogue
complete	ADJ	10	shinning-dialogue
first	ADJ	16	shinning-dialogue
slight	ADJ	5	shinning-dialogue
moral	ADJ	3	shinning-dialogue
ethical	ADJ	3	shinning-dialogue
confused	ADJ	10	shinning-dialogue
whole	ADJ	8	shinning-dialogue
fucking	ADJ	4	shinning-dialogue
good	ADJ	27	shinning-dialogue
few	ADJ	2	shinning-dialogue
half	ADJ	6	shinning-dialogue
half	ADJ	6	shinning-dialogue
open	ADJ	36	shinning-dialogue
open	ADJ	36	shinning-dialogue
open	ADJ	36	shinning-dialogue
staggering	ADJ	5	shinning-dialogue
goddam	ADJ	2	shinning-dialogue
whole	ADJ	8	shinning-dialogue
bad	ADJ	17	shinning-dialogue
dizzy	ADJ	3	shinning-dialogue
big	ADJ	17	shinning-dialogue
open	ADJ	36	shinning-dialogue
open	ADJ	36	shinning-dialogue
open	ADJ	36	shinning-dialogue
asleep	ADJ	5	shinning-dialogue
more	ADJ	5	shinning-dialogue
strong	ADJ	10	shinning-dialogue
resourceful	ADJ	1	shinning-dialogue
well	ADJ	22	shinning-dialogue
harsh	ADJ	6	shinning-dialogue
possible	ADJ	4	shinning-dialogue
only	ADJ	9	shinning-dialogue
great	ADJ	7	shinning-dialogue
asleep	ADJ	5	shinning-dialogue
asleep	ADJ	5	shinning-dialogue
blade	ADJ	9	shinning-dialogue
asleep	ADJ	5	shinning-dialogue
asleep	ADJ	5	shinning-dialogue
front	ADJ	13	shinning-dialogue
front	ADJ	13	shinning-dialogue
bottom	ADJ	12	shinning-dialogue
bottom	ADJ	12	shinning-dialogue
splintered	ADJ	3	shinning-dialogue
splintered	ADJ	3	shinning-dialogue
splintered	ADJ	3	shinning-dialogue
open	ADJ	36	shinning-dialogue
open	ADJ	36	shinning-dialogue
open	ADJ	36	shinning-dialogue
front	ADJ	13	shinning-dialogue
open	ADJ	36	shinning-dialogue
open	ADJ	36	shinning-dialogue
open	ADJ	36	shinning-dialogue
run	ADJ	57	shinning-dialogue
quick	ADJ	8	shinning-dialogue
little	ADJ	10	shinning-dialogue
little	ADJ	10	shinning-dialogue
open	ADJ	36	shinning-dialogue
chiny	ADJ	0	shinning-dialogue
splintered	ADJ	3	shinning-dialogue
splintered	ADJ	3	shinning-dialogue
splintered	ADJ	3	shinning-dialogue
splintered	ADJ	3	shinning-dialogue
splintered	ADJ	3	shinning-dialogue
splintered	ADJ	3	shinning-dialogue
splintered	ADJ	3	shinning-dialogue
oven	ADJ	1	shinning-dialogue
open	ADJ	36	shinning-dialogue
open	ADJ	36	shinning-dialogue
open	ADJ	36	shinning-dialogue
open	ADJ	36	shinning-dialogue
open	ADJ	36	shinning-dialogue
open	ADJ	36	shinning-dialogue
open	ADJ	36	shinning-dialogue
next	ADJ	4	shinning-dialogue
open	ADJ	36	shinning-dialogue
open	ADJ	36	shinning-dialogue
open	ADJ	36	shinning-dialogue
round	ADJ	25	shinning-dialogue
dead	ADJ	21	shinning-dialogue
great	ADJ	7	shinning-dialogue
right	ADJ	36	shinning-dialogue
corridor	ADJ	1	shinning-dialogue
dead	ADJ	21	shinning-dialogue
young	ADJ	14	shinning-dialogue
other	ADJ	4	shinning-dialogue
first	ADJ	16	shinning-dialogue
round	ADJ	25	shinning-dialogue
nice	ADJ	6	shinning-dialogue
good	ADJ	27	shinning-dialogue
good	ADJ	27	shinning-dialogue
little	ADJ	10	shinning-dialogue
new	ADJ	12	shinning-dialogue
different	ADJ	5	shinning-dialogue
silly	ADJ	5	shinning-dialogue
different	ADJ	5	shinning-dialogue
different	ADJ	5	shinning-dialogue
real	ADJ	13	shinning-dialogue
good	ADJ	27	shinning-dialogue
pleased	ADJ	5	shinning-dialogue
less	ADJ	5	shinning-dialogue
about	ADJ	8	shinning-dialogue
fantastic	ADJ	5	shinning-dialogue
enormous	ADJ	1	shinning-dialogue
open	ADJ	36	shinning-dialogue
feasible	ADJ	1	shinning-dialogue
clear	ADJ	45	shinning-dialogue
little	ADJ	10	shinning-dialogue
scenic	ADJ	2	shinning-dialogue
right	ADJ	36	shinning-dialogue
general	ADJ	10	shinning-dialogue
cruel	ADJ	1	shinning-dialogue
basic	ADJ	6	shinning-dialogue
costly	ADJ	2	shinning-dialogue
different	ADJ	5	shinning-dialogue
daily	ADJ	5	shinning-dialogue
fine	ADJ	10	shinning-dialogue
demanding	ADJ	7	shinning-dialogue
only	ADJ	9	shinning-dialogue
tremendous	ADJ	3	shinning-dialogue
new	ADJ	12	shinning-dialogue
good	ADJ	27	shinning-dialogue
great	ADJ	7	shinning-dialogue
other	ADJ	4	shinning-dialogue
melodramatic	ADJ	2	shinning-dialogue
few	ADJ	2	shinning-dialogue
second	ADJ	15	shinning-dialogue
little	ADJ	10	shinning-dialogue
good	ADJ	27	shinning-dialogue
good	ADJ	27	shinning-dialogue
normal	ADJ	5	shinning-dialogue
complete	ADJ	10	shinning-dialogue
mental	ADJ	5	shinning-dialogue
old	ADJ	9	shinning-dialogue
claustrophobic	ADJ	2	shinning-dialogue
long	ADJ	12	shinning-dialogue
hard	ADJ	22	shinning-dialogue
sure	ADJ	10	shinning-dialogue
fascinated	ADJ	4	shinning-dialogue
confirmed	ADJ	7	shinning-dialogue
open	ADJ	36	shinning-dialogue
few	ADJ	2	shinning-dialogue
great	ADJ	7	shinning-dialogue
awful	ADJ	7	shinning-dialogue
beautiful	ADJ	2	shinning-dialogue
little	ADJ	10	shinning-dialogue
black	ADJ	22	shinning-dialogue
good	ADJ	27	shinning-dialogue
other	ADJ	4	shinning-dialogue
good	ADJ	27	shinning-dialogue
funny	ADJ	5	shinning-dialogue
bright	ADJ	11	shinning-dialogue
strange	ADJ	3	shinning-dialogue
next	ADJ	4	shinning-dialogue
little	ADJ	10	shinning-dialogue
imaginary	ADJ	2	shinning-dialogue
fine	ADJ	10	shinning-dialogue
other	ADJ	4	shinning-dialogue
few	ADJ	2	shinning-dialogue
okay	ADJ	4	shinning-dialogue
sure	ADJ	10	shinning-dialogue
wrong	ADJ	13	shinning-dialogue
fine	ADJ	10	shinning-dialogue
uncommon	ADJ	2	shinning-dialogue
bad	ADJ	17	shinning-dialogue
most	ADJ	5	shinning-dialogue
emotional	ADJ	4	shinning-dialogue
akin	ADJ	2	shinning-dialogue
sure	ADJ	10	shinning-dialogue
right	ADJ	36	shinning-dialogue
light	ADJ	47	shinning-dialogue
imaginary	ADJ	2	shinning-dialogue
first	ADJ	16	shinning-dialogue
great	ADJ	7	shinning-dialogue
particular	ADJ	9	shinning-dialogue
much	ADJ	7	shinning-dialogue
good	ADJ	27	shinning-dialogue
high	ADJ	18	shinning-dialogue
different	ADJ	5	shinning-dialogue
hungry	ADJ	2	shinning-dialogue
okay	ADJ	4	shinning-dialogue
alive	ADJ	7	shinning-dialogue
other	ADJ	4	shinning-dialogue
okay	ADJ	4	shinning-dialogue
first	ADJ	16	shinning-dialogue
good	ADJ	27	shinning-dialogue
glad	ADJ	5	shinning-dialogue
quick	ADJ	8	shinning-dialogue
beautiful	ADJ	2	shinning-dialogue
fantastic	ADJ	5	shinning-dialogue
hon	ADJ	0	shinning-dialogue
indian	ADJ	5	shinning-dialogue
authentic	ADJ	2	shinning-dialogue
gorgeous	ADJ	1	shinning-dialogue
gorgeous	ADJ	1	shinning-dialogue
old	ADJ	9	shinning-dialogue
illustrious	ADJ	2	shinning-dialogue
good	ADJ	27	shinning-dialogue
open	ADJ	36	shinning-dialogue
open	ADJ	36	shinning-dialogue
other	ADJ	4	shinning-dialogue
heated	ADJ	6	shinning-dialogue
small	ADJ	13	shinning-dialogue
small	ADJ	13	shinning-dialogue
easy	ADJ	15	shinning-dialogue
famous	ADJ	1	shinning-dialogue
high	ADJ	18	shinning-dialogue
old	ADJ	9	shinning-dialogue
indian	ADJ	5	shinning-dialogue
few	ADJ	2	shinning-dialogue
indian	ADJ	5	shinning-dialogue
red	ADJ	7	shinning-dialogue
fine	ADJ	10	shinning-dialogue
last	ADJ	21	shinning-dialogue
beautiful	ADJ	2	shinning-dialogue
pink	ADJ	7	shinning-dialogue
favorite	ADJ	5	shinning-dialogue
gold	ADJ	7	shinning-dialogue
closed	ADJ	26	shinning-dialogue
good	ADJ	27	shinning-dialogue
afraid	ADJ	4	shinning-dialogue
own	ADJ	2	shinning-dialogue
shuttered	ADJ	2	shinning-dialogue
great	ADJ	7	shinning-dialogue
wonderful	ADJ	1	shinning-dialogue
tired	ADJ	6	shinning-dialogue
ready	ADJ	8	shinning-dialogue
good	ADJ	27	shinning-dialogue
nice	ADJ	6	shinning-dialogue
big	ADJ	17	shinning-dialogue
big	ADJ	17	shinning-dialogue
whole	ADJ	8	shinning-dialogue
enormous	ADJ	1	shinning-dialogue
big	ADJ	17	shinning-dialogue
sure	ADJ	10	shinning-dialogue
whole	ADJ	8	shinning-dialogue
same	ADJ	6	shinning-dialogue
various	ADJ	4	shinning-dialogue
favorite	ADJ	5	shinning-dialogue
possible	ADJ	4	shinning-dialogue
hot	ADJ	21	shinning-dialogue
cold	ADJ	16	shinning-dialogue
black	ADJ	22	shinning-dialogue
open	ADJ	36	shinning-dialogue
regular	ADJ	17	shinning-dialogue
happy	ADJ	4	shinning-dialogue
fine	ADJ	10	shinning-dialogue
few	ADJ	2	shinning-dialogue
good	ADJ	27	shinning-dialogue
amazing	ADJ	4	shinning-dialogue
much	ADJ	7	shinning-dialogue
last	ADJ	21	shinning-dialogue
hectic	ADJ	1	shinning-dialogue
possible	ADJ	4	shinning-dialogue
little	ADJ	10	shinning-dialogue
long	ADJ	12	shinning-dialogue
only	ADJ	9	shinning-dialogue
other	ADJ	4	shinning-dialogue
able	ADJ	4	shinning-dialogue
little	ADJ	10	shinning-dialogue
scared	ADJ	4	shinning-dialogue
scared	ADJ	4	shinning-dialogue
bad	ADJ	17	shinning-dialogue
other	ADJ	4	shinning-dialogue
long	ADJ	12	shinning-dialogue
particular	ADJ	9	shinning-dialogue
good	ADJ	27	shinning-dialogue
scared	ADJ	4	shinning-dialogue
asleep	ADJ	5	shinning-dialogue
ready	ADJ	8	shinning-dialogue
sunny	ADJ	1	shinning-dialogue
nice	ADJ	6	shinning-dialogue
empty	ADJ	10	shinning-dialogue
good	ADJ	27	shinning-dialogue
nice	ADJ	6	shinning-dialogue
happy	ADJ	4	shinning-dialogue
comfortable	ADJ	5	shinning-dialogue
amazing	ADJ	4	shinning-dialogue
big	ADJ	17	shinning-dialogue
ridiculous	ADJ	3	shinning-dialogue
american	ADJ	5	shinning-dialogue
clean	ADJ	31	shinning-dialogue
right	ADJ	36	shinning-dialogue
clean	ADJ	31	shinning-dialogue
beautiful	ADJ	2	shinning-dialogue
dead	ADJ	21	shinning-dialogue
dead	ADJ	21	shinning-dialogue
beautiful	ADJ	2	shinning-dialogue
pretty	ADJ	3	shinning-dialogue
big	ADJ	17	shinning-dialogue
portable	ADJ	3	shinning-dialogue
old	ADJ	9	shinning-dialogue
good	ADJ	27	shinning-dialogue
beautiful	ADJ	2	shinning-dialogue
hard	ADJ	22	shinning-dialogue
close	ADJ	37	shinning-dialogue
cold	ADJ	16	shinning-dialogue
right	ADJ	36	shinning-dialogue
incredible	ADJ	1	shinning-dialogue
grouchy	ADJ	1	shinning-dialogue
grouchy	ADJ	1	shinning-dialogue
new	ADJ	12	shinning-dialogue
l.ear	ADJ	0	shinning-dialogue
various	ADJ	4	shinning-dialogue
fine	ADJ	10	shinning-dialogue
few	ADJ	2	shinning-dialogue
Most	ADJ	5	shinning-dialogue
bad	ADJ	17	shinning-dialogue
good	ADJ	27	shinning-dialogue
real	ADJ	13	shinning-dialogue
nice	ADJ	6	shinning-dialogue
empty	ADJ	10	shinning-dialogue
bloodstained	ADJ	1	shinning-dialogue
bloodstained	ADJ	1	shinning-dialogue
bloodstained	ADJ	1	shinning-dialogue
bloodstained	ADJ	1	shinning-dialogue
empty	ADJ	10	shinning-dialogue
open	ADJ	36	shinning-dialogue
empty	ADJ	10	shinning-dialogue
scared	ADJ	4	shinning-dialogue
real	ADJ	13	shinning-dialogue
okay	ADJ	4	shinning-dialogue
great	ADJ	7	shinning-dialogue
marvellous	ADJ	3	shinning-dialogue
ready	ADJ	8	shinning-dialogue
few	ADJ	2	shinning-dialogue
asleep	ADJ	5	shinning-dialogue
few	ADJ	2	shinning-dialogue
right	ADJ	36	shinning-dialogue
sure	ADJ	10	shinning-dialogue
open	ADJ	36	shinning-dialogue
good	ADJ	27	shinning-dialogue
good	ADJ	27	shinning-dialogue
bad	ADJ	17	shinning-dialogue
little	ADJ	10	shinning-dialogue
tired	ADJ	6	shinning-dialogue
much	ADJ	7	shinning-dialogue
sure	ADJ	10	shinning-dialogue
whole	ADJ	8	shinning-dialogue
yellow	ADJ	8	shinning-dialogue
empty	ADJ	10	shinning-dialogue
empty	ADJ	10	shinning-dialogue
second	ADJ	15	shinning-dialogue
asleep	ADJ	5	shinning-dialogue
wrong	ADJ	13	shinning-dialogue
wrong	ADJ	13	shinning-dialogue
terrible	ADJ	4	shinning-dialogue
horrible	ADJ	1	shinning-dialogue
okay	ADJ	4	shinning-dialogue
okay	ADJ	4	shinning-dialogue
little	ADJ	10	shinning-dialogue
right	ADJ	36	shinning-dialogue
okay	ADJ	4	shinning-dialogue
goddam	ADJ	2	shinning-dialogue
little	ADJ	10	shinning-dialogue
slow	ADJ	11	shinning-dialogue
glad	ADJ	5	shinning-dialogue
afraid	ADJ	4	shinning-dialogue
next	ADJ	4	shinning-dialogue
busy	ADJ	6	shinning-dialogue
busy	ADJ	6	shinning-dialogue
good	ADJ	27	shinning-dialogue
light	ADJ	47	shinning-dialogue
swell	ADJ	11	shinning-dialogue
good	ADJ	27	shinning-dialogue
good	ADJ	27	shinning-dialogue
goddamned	ADJ	2	shinning-dialogue
miserable	ADJ	6	shinning-dialogue
irreparable	ADJ	1	shinning-dialogue
well	ADJ	22	shinning-dialogue
whole	ADJ	8	shinning-dialogue
well	ADJ	22	shinning-dialogue
serious	ADJ	6	shinning-dialogue
serious	ADJ	6	shinning-dialogue
little	ADJ	10	shinning-dialogue
old	ADJ	9	shinning-dialogue
goddam	ADJ	2	shinning-dialogue
little	ADJ	10	shinning-dialogue
little	ADJ	10	shinning-dialogue
fucking	ADJ	4	shinning-dialogue
damn	ADJ	5	shinning-dialogue
okay	ADJ	4	shinning-dialogue
complete	ADJ	10	shinning-dialogue
goddam	ADJ	2	shinning-dialogue
little	ADJ	10	shinning-dialogue
momentary	ADJ	1	shinning-dialogue
muscular	ADJ	4	shinning-dialogue
few	ADJ	2	shinning-dialogue
extra	ADJ	7	shinning-dialogue
second	ADJ	15	shinning-dialogue
crazy	ADJ	6	shinning-dialogue
fucking	ADJ	4	shinning-dialogue
open	ADJ	36	shinning-dialogue
crazy	ADJ	6	shinning-dialogue
bare	ADJ	13	shinning-dialogue
superimposed	ADJ	3	shinning-dialogue
good	ADJ	27	shinning-dialogue
mid	ADJ	1	shinning-dialogue
upper	ADJ	6	shinning-dialogue
few	ADJ	2	shinning-dialogue
impossible	ADJ	4	shinning-dialogue
least	ADJ	3	shinning-dialogue
more	ADJ	5	shinning-dialogue
heavy	ADJ	30	shinning-dialogue
opposite	ADJ	11	shinning-dialogue
local	ADJ	5	shinning-dialogue
jammed	ADJ	8	shinning-dialogue
local	ADJ	5	shinning-dialogue
open	ADJ	36	shinning-dialogue
open	ADJ	36	shinning-dialogue
open	ADJ	36	shinning-dialogue
young	ADJ	14	shinning-dialogue
young	ADJ	14	shinning-dialogue
young	ADJ	14	shinning-dialogue
young	ADJ	14	shinning-dialogue
young	ADJ	14	shinning-dialogue
young	ADJ	14	shinning-dialogue
elderly	ADJ	2	shinning-dialogue
naked	ADJ	5	shinning-dialogue
elderly	ADJ	2	shinning-dialogue
outstretched	ADJ	1	shinning-dialogue
naked	ADJ	5	shinning-dialogue
elderly	ADJ	2	shinning-dialogue
naked	ADJ	5	shinning-dialogue
elderly	ADJ	2	shinning-dialogue
outstretched	ADJ	1	shinning-dialogue
naked	ADJ	5	shinning-dialogue
elderly	ADJ	2	shinning-dialogue
sorry	ADJ	4	shinning-dialogue
front	ADJ	13	shinning-dialogue
front	ADJ	13	shinning-dialogue
goddam	ADJ	2	shinning-dialogue
asleep	ADJ	5	shinning-dialogue
sure	ADJ	10	shinning-dialogue
sure	ADJ	10	shinning-dialogue
right	ADJ	36	shinning-dialogue
open	ADJ	36	shinning-dialogue
possible	ADJ	4	shinning-dialogue
other	ADJ	4	shinning-dialogue
different	ADJ	5	shinning-dialogue
open	ADJ	36	shinning-dialogue
fucking	ADJ	4	shinning-dialogue
typical	ADJ	3	shinning-dialogue
own	ADJ	2	shinning-dialogue
front	ADJ	13	shinning-dialogue
front	ADJ	13	shinning-dialogue
empty	ADJ	10	shinning-dialogue
good	ADJ	27	shinning-dialogue
good	ADJ	27	shinning-dialogue
urgent	ADJ	1	shinning-dialogue
afraid	ADJ	4	shinning-dialogue
young	ADJ	14	shinning-dialogue
okay	ADJ	4	shinning-dialogue
glad	ADJ	5	shinning-dialogue
crowded	ADJ	5	shinning-dialogue
d	ADJ	4	shinning-dialogue
good	ADJ	27	shinning-dialogue
good	ADJ	27	shinning-dialogue
crowded	ADJ	5	shinning-dialogue
good	ADJ	27	shinning-dialogue
good	ADJ	27	shinning-dialogue
good	ADJ	27	shinning-dialogue
big	ADJ	17	shinning-dialogue
good	ADJ	27	shinning-dialogue
least	ADJ	3	shinning-dialogue
sorry	ADJ	4	shinning-dialogue
advocaat	ADJ	0	shinning-dialogue
awful	ADJ	7	shinning-dialogue
right	ADJ	36	shinning-dialogue
afraid	ADJ	4	shinning-dialogue
advocaat	ADJ	0	shinning-dialogue
good	ADJ	27	shinning-dialogue
old	ADJ	9	shinning-dialogue
important	ADJ	5	shinning-dialogue
nice	ADJ	6	shinning-dialogue
soiree	ADJ	1	shinning-dialogue
wise	ADJ	7	shinning-dialogue
wise	ADJ	7	shinning-dialogue
open	ADJ	36	shinning-dialogue
little	ADJ	10	shinning-dialogue
right	ADJ	36	shinning-dialogue
married	ADJ	5	shinning-dialogue
sure	ADJ	10	shinning-dialogue
little	ADJ	10	shinning-dialogue
strange	ADJ	3	shinning-dialogue
sorry	ADJ	4	shinning-dialogue
outside	ADJ	14	shinning-dialogue
great	ADJ	7	shinning-dialogue
aware	ADJ	2	shinning-dialogue
great	ADJ	7	shinning-dialogue
very	ADJ	4	shinning-dialogue
willful	ADJ	2	shinning-dialogue
willful	ADJ	2	shinning-dialogue
naughty	ADJ	2	shinning-dialogue
bold	ADJ	4	shinning-dialogue
good	ADJ	27	shinning-dialogue
more	ADJ	5	shinning-dialogue
able	ADJ	4	shinning-dialogue
bad	ADJ	17	shinning-dialogue
bad	ADJ	17	shinning-dialogue
okay	ADJ	4	shinning-dialogue
past	ADJ	6	shinning-dialogue
inner	ADJ	6	shinning-dialogue
more	ADJ	5	shinning-dialogue
good	ADJ	27	shinning-dialogue
several	ADJ	3	shinning-dialogue
glad	ADJ	5	shinning-dialogue
nice	ADJ	6	shinning-dialogue
other	ADJ	4	shinning-dialogue
due	ADJ	7	shinning-dialogue
big	ADJ	17	shinning-dialogue
serious	ADJ	6	shinning-dialogue
unreliable	ADJ	4	shinning-dialogue
last	ADJ	21	shinning-dialogue
right	ADJ	36	shinning-dialogue
good	ADJ	27	shinning-dialogue
bad	ADJ	17	shinning-dialogue
heavy	ADJ	30	shinning-dialogue
many	ADJ	1	shinning-dialogue
few	ADJ	2	shinning-dialogue
early	ADJ	9	shinning-dialogue
entire	ADJ	5	shinning-dialogue
national	ADJ	8	shinning-dialogue
advisory	ADJ	2	shinning-dialogue
many	ADJ	1	shinning-dialogue
few	ADJ	2	shinning-dialogue
okay	ADJ	4	shinning-dialogue
right	ADJ	36	shinning-dialogue
open	ADJ	36	shinning-dialogue
other	ADJ	4	shinning-dialogue
dull	ADJ	19	shinning-dialogue
top	ADJ	22	shinning-dialogue
dull	ADJ	19	shinning-dialogue
top	ADJ	22	shinning-dialogue
dull	ADJ	19	shinning-dialogue
revealing	ADJ	6	shinning-dialogue
clear	ADJ	45	shinning-dialogue
nervous	ADJ	5	shinning-dialogue
true	ADJ	15	shinning-dialogue
definite	ADJ	2	shinning-dialogue
possible	ADJ	4	shinning-dialogue
possible	ADJ	4	shinning-dialogue
concerned	ADJ	5	shinning-dialogue
concerned	ADJ	5	shinning-dialogue
single	ADJ	10	shinning-dialogue
single	ADJ	10	shinning-dialogue
solitary	ADJ	7	shinning-dialogue
first	ADJ	16	shinning-dialogue
complete	ADJ	10	shinning-dialogue
first	ADJ	16	shinning-dialogue
slight	ADJ	5	shinning-dialogue
moral	ADJ	3	shinning-dialogue
ethical	ADJ	3	shinning-dialogue
confused	ADJ	10	shinning-dialogue
whole	ADJ	8	shinning-dialogue
fucking	ADJ	4	shinning-dialogue
good	ADJ	27	shinning-dialogue
few	ADJ	2	shinning-dialogue
half	ADJ	6	shinning-dialogue
half	ADJ	6	shinning-dialogue
open	ADJ	36	shinning-dialogue
open	ADJ	36	shinning-dialogue
open	ADJ	36	shinning-dialogue
staggering	ADJ	5	shinning-dialogue
goddam	ADJ	2	shinning-dialogue
whole	ADJ	8	shinning-dialogue
bad	ADJ	17	shinning-dialogue
dizzy	ADJ	3	shinning-dialogue
big	ADJ	17	shinning-dialogue
open	ADJ	36	shinning-dialogue
open	ADJ	36	shinning-dialogue
open	ADJ	36	shinning-dialogue
asleep	ADJ	5	shinning-dialogue
more	ADJ	5	shinning-dialogue
strong	ADJ	10	shinning-dialogue
resourceful	ADJ	1	shinning-dialogue
well	ADJ	22	shinning-dialogue
harsh	ADJ	6	shinning-dialogue
possible	ADJ	4	shinning-dialogue
only	ADJ	9	shinning-dialogue
great	ADJ	7	shinning-dialogue
asleep	ADJ	5	shinning-dialogue
asleep	ADJ	5	shinning-dialogue
blade	ADJ	9	shinning-dialogue
asleep	ADJ	5	shinning-dialogue
asleep	ADJ	5	shinning-dialogue
front	ADJ	13	shinning-dialogue
front	ADJ	13	shinning-dialogue
bottom	ADJ	12	shinning-dialogue
bottom	ADJ	12	shinning-dialogue
splintered	ADJ	3	shinning-dialogue
splintered	ADJ	3	shinning-dialogue
splintered	ADJ	3	shinning-dialogue
open	ADJ	36	shinning-dialogue
open	ADJ	36	shinning-dialogue
open	ADJ	36	shinning-dialogue
front	ADJ	13	shinning-dialogue
open	ADJ	36	shinning-dialogue
open	ADJ	36	shinning-dialogue
open	ADJ	36	shinning-dialogue
run	ADJ	57	shinning-dialogue
quick	ADJ	8	shinning-dialogue
little	ADJ	10	shinning-dialogue
little	ADJ	10	shinning-dialogue
open	ADJ	36	shinning-dialogue
chiny	ADJ	0	shinning-dialogue
splintered	ADJ	3	shinning-dialogue
splintered	ADJ	3	shinning-dialogue
splintered	ADJ	3	shinning-dialogue
splintered	ADJ	3	shinning-dialogue
splintered	ADJ	3	shinning-dialogue
splintered	ADJ	3	shinning-dialogue
splintered	ADJ	3	shinning-dialogue
oven	ADJ	1	shinning-dialogue
open	ADJ	36	shinning-dialogue
open	ADJ	36	shinning-dialogue
open	ADJ	36	shinning-dialogue
open	ADJ	36	shinning-dialogue
open	ADJ	36	shinning-dialogue
open	ADJ	36	shinning-dialogue
open	ADJ	36	shinning-dialogue
next	ADJ	4	shinning-dialogue
open	ADJ	36	shinning-dialogue
open	ADJ	36	shinning-dialogue
open	ADJ	36	shinning-dialogue
round	ADJ	25	shinning-dialogue
dead	ADJ	21	shinning-dialogue
great	ADJ	7	shinning-dialogue
right	ADJ	36	shinning-dialogue
corridor	ADJ	1	shinning-dialogue
dead	ADJ	21	shinning-dialogue
young	ADJ	14	shinning-dialogue
MORE	ADJ	5	shinning-dialogue
off)(cont'd	ADJ	0	shinning-dialogue
MORE	ADJ	5	shinning-dialogue
dull	ADJ	19	shinning-dialogue
nlp	ADJ	1	game-dialogue
unreachable	ADJ	1	game-dialogue
optional	ADJ	1	game-dialogue
optional	ADJ	1	game-dialogue
short	ADJ	23	game-dialogue
deep	ADJ	21	game-dialogue
special	ADJ	10	game-dialogue
ridiculous	ADJ	3	game-dialogue
true	ADJ	15	game-dialogue
dead	ADJ	21	game-dialogue
damn	ADJ	5	game-dialogue
special	ADJ	10	game-dialogue
whole	ADJ	8	game-dialogue
special	ADJ	10	game-dialogue
whole	ADJ	8	game-dialogue
alive	ADJ	7	game-dialogue
good	ADJ	27	game-dialogue
sorry	ADJ	4	game-dialogue
okay	ADJ	4	game-dialogue
lost	ADJ	21	game-dialogue
right	ADJ	36	game-dialogue
left	ADJ	24	game-dialogue
hard	ADJ	22	game-dialogue
wrong	ADJ	13	game-dialogue
dangerous	ADJ	2	game-dialogue
careful	ADJ	5	game-dialogue
dangerous	ADJ	2	game-dialogue
important	ADJ	5	game-dialogue
long	ADJ	12	game-dialogue
sorry	ADJ	4	game-dialogue
second	ADJ	15	game-dialogue
right	ADJ	36	game-dialogue
quiet	ADJ	13	game-dialogue
long	ADJ	12	game-dialogue
strange	ADJ	3	game-dialogue
old	ADJ	9	game-dialogue
strange	ADJ	3	game-dialogue
strange	ADJ	3	game-dialogue
dead	ADJ	21	game-dialogue
dead	ADJ	21	game-dialogue
human	ADJ	4	game-dialogue
staticy	ADJ	0	game-dialogue
female	ADJ	5	game-dialogue
unreachable	ADJ	1	game-dialogue
key	ADJ	21	game-dialogue
other	ADJ	4	game-dialogue
able	ADJ	4	game-dialogue
other	ADJ	4	game-dialogue
little	ADJ	10	game-dialogue
little	ADJ	10	game-dialogue
dark	ADJ	16	game-dialogue
other	ADJ	4	game-dialogue
unreachable	ADJ	1	game-dialogue
second	ADJ	15	game-dialogue
loud	ADJ	4	game-dialogue
middle	ADJ	9	game-dialogue
dead	ADJ	21	game-dialogue
dead	ADJ	21	game-dialogue
sick	ADJ	9	game-dialogue
dead	ADJ	21	game-dialogue
red	ADJ	7	game-dialogue
red	ADJ	7	game-dialogue
honest	ADJ	7	game-dialogue
weird	ADJ	3	game-dialogue
lookin	ADJ	0	game-dialogue
safe	ADJ	7	game-dialogue
right	ADJ	36	game-dialogue
right	ADJ	36	game-dialogue
careful	ADJ	5	game-dialogue
careful	ADJ	5	game-dialogue
second	ADJ	15	game-dialogue
okay	ADJ	4	game-dialogue
adjacent	ADJ	3	game-dialogue
entire	ADJ	5	game-dialogue
same	ADJ	6	game-dialogue
easy	ADJ	15	game-dialogue
afraid	ADJ	4	game-dialogue
sorry	ADJ	4	game-dialogue
okay	ADJ	4	game-dialogue
right	ADJ	36	game-dialogue
tired	ADJ	6	game-dialogue
sorry	ADJ	4	game-dialogue
sorry	ADJ	4	game-dialogue
okay	ADJ	4	game-dialogue
dead	ADJ	21	game-dialogue
dead	ADJ	21	game-dialogue
crazy	ADJ	6	game-dialogue
Least	ADJ	3	game-dialogue
dangerous	ADJ	2	game-dialogue
okay	ADJ	4	game-dialogue
sure	ADJ	10	game-dialogue
sure	ADJ	10	game-dialogue
sorry	ADJ	4	game-dialogue
bad	ADJ	17	game-dialogue
same	ADJ	6	game-dialogue
little	ADJ	10	game-dialogue
little	ADJ	10	game-dialogue
little	ADJ	10	game-dialogue
little	ADJ	10	game-dialogue
blind	ADJ	10	game-dialogue
little	ADJ	10	game-dialogue
little	ADJ	10	game-dialogue
little	ADJ	10	game-dialogue
large	ADJ	11	game-dialogue
late	ADJ	11	game-dialogue
different	ADJ	5	game-dialogue
warm	ADJ	13	game-dialogue
right	ADJ	36	game-dialogue
sorry	ADJ	4	game-dialogue
confused	ADJ	10	game-dialogue
special	ADJ	10	game-dialogue
only	ADJ	9	game-dialogue
special	ADJ	10	game-dialogue
old	ADJ	9	game-dialogue
black	ADJ	22	game-dialogue
white	ADJ	25	game-dialogue
special	ADJ	10	game-dialogue
mad	ADJ	4	game-dialogue
opposite	ADJ	11	game-dialogue
alone	ADJ	6	game-dialogue
right	ADJ	36	game-dialogue
ridiculous	ADJ	3	game-dialogue
okay	ADJ	4	game-dialogue
fine	ADJ	10	game-dialogue
okay	ADJ	4	game-dialogue
front	ADJ	13	game-dialogue
only	ADJ	9	game-dialogue
unlocked	ADJ	4	game-dialogue
little	ADJ	10	game-dialogue
little	ADJ	10	game-dialogue
little	ADJ	10	game-dialogue
little	ADJ	10	game-dialogue
gutless	ADJ	2	game-dialogue
little	ADJ	10	game-dialogue
scared	ADJ	4	game-dialogue
little	ADJ	10	game-dialogue
bad	ADJ	17	game-dialogue
sorry	ADJ	4	game-dialogue
little	ADJ	10	game-dialogue
green	ADJ	14	game-dialogue
little	ADJ	10	game-dialogue
little	ADJ	10	game-dialogue
little	ADJ	10	game-dialogue
full	ADJ	13	game-dialogue
fine	ADJ	10	game-dialogue
second	ADJ	15	game-dialogue
little	ADJ	10	game-dialogue
fast	ADJ	15	game-dialogue
n’t	ADJ	0	game-dialogue
different	ADJ	5	game-dialogue
little	ADJ	10	game-dialogue
small	ADJ	13	game-dialogue
rear	ADJ	11	game-dialogue
small	ADJ	13	game-dialogue
concrete	ADJ	5	game-dialogue
small	ADJ	13	game-dialogue
obvious	ADJ	1	game-dialogue
other	ADJ	4	game-dialogue
various	ADJ	4	game-dialogue
clear	ADJ	45	game-dialogue
several	ADJ	3	game-dialogue
different	ADJ	5	game-dialogue
several	ADJ	3	game-dialogue
able	ADJ	4	game-dialogue
third	ADJ	8	game-dialogue
wrong	ADJ	13	game-dialogue
okay	ADJ	4	game-dialogue
second	ADJ	15	game-dialogue
old	ADJ	9	game-dialogue
dirty	ADJ	13	game-dialogue
small	ADJ	13	game-dialogue
tired	ADJ	6	game-dialogue
tired	ADJ	6	game-dialogue
comfy	ADJ	1	game-dialogue
second	ADJ	15	game-dialogue
third	ADJ	8	game-dialogue
few	ADJ	2	game-dialogue
first	ADJ	16	game-dialogue
big	ADJ	17	game-dialogue
fat	ADJ	9	game-dialogue
big	ADJ	17	game-dialogue
last	ADJ	21	game-dialogue
fine	ADJ	10	game-dialogue
last	ADJ	21	game-dialogue
sorry	ADJ	4	game-dialogue
strange	ADJ	3	game-dialogue
opposite	ADJ	11	game-dialogue
okay	ADJ	4	game-dialogue
important	ADJ	5	game-dialogue
huh	ADJ	0	game-dialogue
okay	ADJ	4	game-dialogue
double	ADJ	21	game-dialogue
dark	ADJ	16	game-dialogue
open	ADJ	36	game-dialogue
strange	ADJ	3	game-dialogue
right	ADJ	36	game-dialogue
magic	ADJ	3	game-dialogue
sudden	ADJ	1	game-dialogue
strange	ADJ	3	game-dialogue
little	ADJ	10	game-dialogue
about	ADJ	8	game-dialogue
sorry	ADJ	4	game-dialogue
glad	ADJ	5	game-dialogue
alive	ADJ	7	game-dialogue
happy	ADJ	4	game-dialogue
dead	ADJ	21	game-dialogue
scared	ADJ	4	game-dialogue
whole	ADJ	8	game-dialogue
less	ADJ	5	game-dialogue
sorry	ADJ	4	game-dialogue
second	ADJ	15	game-dialogue
well	ADJ	22	game-dialogue
exciting	ADJ	10	game-dialogue
great	ADJ	7	game-dialogue
lucky	ADJ	3	game-dialogue
unlucky	ADJ	2	game-dialogue
ready	ADJ	8	game-dialogue
first	ADJ	16	game-dialogue
round	ADJ	25	game-dialogue
haunted	ADJ	6	game-dialogue
thrilling	ADJ	6	game-dialogue
gruesome	ADJ	1	game-dialogue
few	ADJ	2	game-dialogue
torn	ADJ	7	game-dialogue
terrible	ADJ	4	game-dialogue
gruesome	ADJ	1	game-dialogue
such	ADJ	2	game-dialogue
innocent	ADJ	8	game-dialogue
vile	ADJ	2	game-dialogue
third	ADJ	8	game-dialogue
final	ADJ	5	game-dialogue
deserted	ADJ	4	game-dialogue
old	ADJ	9	game-dialogue
central	ADJ	3	game-dialogue
more	ADJ	5	game-dialogue
third	ADJ	8	game-dialogue
final	ADJ	5	game-dialogue
last	ADJ	21	game-dialogue
3rd	ADJ	1	game-dialogue
careful	ADJ	5	game-dialogue
wrong	ADJ	13	game-dialogue
silent	ADJ	6	game-dialogue
second	ADJ	15	game-dialogue
old	ADJ	9	game-dialogue
big	ADJ	17	game-dialogue
little	ADJ	10	game-dialogue
small	ADJ	13	game-dialogue
cute	ADJ	2	game-dialogue
long	ADJ	12	game-dialogue
long	ADJ	12	game-dialogue
able	ADJ	4	game-dialogue
small	ADJ	13	game-dialogue
large	ADJ	11	game-dialogue
limp	ADJ	5	game-dialogue
front	ADJ	13	game-dialogue
dead	ADJ	21	game-dialogue
only	ADJ	9	game-dialogue
several	ADJ	3	game-dialogue
second	ADJ	15	game-dialogue
big	ADJ	17	game-dialogue
dead	ADJ	21	game-dialogue
other	ADJ	4	game-dialogue
stupid	ADJ	4	game-dialogue
jokin	ADJ	0	game-dialogue
dead	ADJ	21	game-dialogue
honest	ADJ	7	game-dialogue
unhurt	ADJ	2	game-dialogue
other	ADJ	4	game-dialogue
alive	ADJ	7	game-dialogue
bad	ADJ	17	game-dialogue
silly	ADJ	5	game-dialogue
long	ADJ	12	game-dialogue
forgetful	ADJ	3	game-dialogue
real	ADJ	13	game-dialogue
strange	ADJ	3	game-dialogue
motionless	ADJ	1	game-dialogue
okay	ADJ	4	game-dialogue
nice	ADJ	6	game-dialogue
right	ADJ	36	game-dialogue
same	ADJ	6	game-dialogue
true	ADJ	15	game-dialogue
dry	ADJ	19	game-dialogue
sick	ADJ	9	game-dialogue
dead	ADJ	21	game-dialogue
right	ADJ	36	game-dialogue
ill	ADJ	9	game-dialogue
ridiculous	ADJ	3	game-dialogue
other	ADJ	4	game-dialogue
large	ADJ	11	game-dialogue
left	ADJ	24	game-dialogue
bloody	ADJ	4	game-dialogue
small	ADJ	13	game-dialogue
several	ADJ	3	game-dialogue
dead	ADJ	21	game-dialogue
fat	ADJ	9	game-dialogue
disgusting	ADJ	3	game-dialogue
sick	ADJ	9	game-dialogue
fat	ADJ	9	game-dialogue
ugly	ADJ	4	game-dialogue
right	ADJ	36	game-dialogue
fat	ADJ	9	game-dialogue
disgusting	ADJ	3	game-dialogue
smart	ADJ	9	game-dialogue
dumb	ADJ	4	game-dialogue
ugly	ADJ	4	game-dialogue
pretty	ADJ	3	game-dialogue
same	ADJ	6	game-dialogue
dead	ADJ	21	game-dialogue
last	ADJ	21	game-dialogue
nuts	ADJ	9	game-dialogue
laughin	ADJ	0	game-dialogue
next	ADJ	4	game-dialogue
next	ADJ	4	game-dialogue
unable	ADJ	3	game-dialogue
whole	ADJ	8	game-dialogue
scared	ADJ	4	game-dialogue
little	ADJ	10	game-dialogue
fun	ADJ	4	game-dialogue
own	ADJ	2	game-dialogue
more	ADJ	5	game-dialogue
loud	ADJ	4	game-dialogue
hard	ADJ	22	game-dialogue
okay	ADJ	4	game-dialogue
holy	ADJ	2	game-dialogue
same	ADJ	6	game-dialogue
other	ADJ	4	game-dialogue
’s	ADJ	0	game-dialogue
human	ADJ	4	game-dialogue
human	ADJ	4	game-dialogue
loud	ADJ	4	game-dialogue
random	ADJ	1	game-dialogue
tired	ADJ	6	game-dialogue
okay	ADJ	4	game-dialogue
dear	ADJ	8	game-dialogue
quiet	ADJ	13	game-dialogue
beautiful	ADJ	2	game-dialogue
well	ADJ	22	game-dialogue
hard	ADJ	22	game-dialogue
nice	ADJ	6	game-dialogue
true	ADJ	15	game-dialogue
little	ADJ	10	game-dialogue
surly	ADJ	1	game-dialogue
much	ADJ	7	game-dialogue
sweet	ADJ	16	game-dialogue
own	ADJ	2	game-dialogue
happy	ADJ	4	game-dialogue
8th	ADJ	1	game-dialogue
old	ADJ	9	game-dialogue
last	ADJ	21	game-dialogue
quiet	ADJ	13	game-dialogue
beautiful	ADJ	2	game-dialogue
other	ADJ	4	game-dialogue
other	ADJ	4	game-dialogue
peaceful	ADJ	2	game-dialogue
whole	ADJ	8	game-dialogue
sacred	ADJ	5	game-dialogue
bad	ADJ	17	game-dialogue
gritty	ADJ	2	game-dialogue
other	ADJ	4	game-dialogue
shaky	ADJ	3	game-dialogue
scrambled	ADJ	6	game-dialogue
other	ADJ	4	game-dialogue
grainy	ADJ	1	game-dialogue
grainy	ADJ	1	game-dialogue
unclear	ADJ	3	game-dialogue
hard	ADJ	22	game-dialogue
dead	ADJ	21	game-dialogue
true	ADJ	15	game-dialogue
sick	ADJ	9	game-dialogue
several	ADJ	3	game-dialogue
sorry	ADJ	4	game-dialogue
sorry	ADJ	4	game-dialogue
staticy	ADJ	0	game-dialogue
optional	ADJ	1	game-dialogue
alternate	ADJ	10	game-dialogue
entire	ADJ	5	game-dialogue
sorry	ADJ	4	game-dialogue
effective	ADJ	6	game-dialogue
afraid	ADJ	4	game-dialogue
sure	ADJ	10	game-dialogue
impossible	ADJ	4	game-dialogue
optional	ADJ	1	game-dialogue
wooden	ADJ	2	game-dialogue
whole	ADJ	8	game-dialogue
strange	ADJ	3	game-dialogue
only	ADJ	9	game-dialogue
sorry	ADJ	4	game-dialogue
wrong	ADJ	13	game-dialogue
worth	ADJ	5	game-dialogue
fiery	ADJ	3	game-dialogue
hot	ADJ	21	game-dialogue
strange	ADJ	3	game-dialogue
weak	ADJ	12	game-dialogue
optional	ADJ	1	game-dialogue
long	ADJ	12	game-dialogue
alive	ADJ	7	game-dialogue
damn	ADJ	5	game-dialogue
disgusting	ADJ	3	game-dialogue
alone	ADJ	6	game-dialogue
dead	ADJ	21	game-dialogue
easy	ADJ	15	game-dialogue
nice	ADJ	6	game-dialogue
alive	ADJ	7	game-dialogue
deaf	ADJ	4	game-dialogue
okay	ADJ	4	game-dialogue
optional	ADJ	1	game-dialogue
long	ADJ	12	game-dialogue
strange	ADJ	3	game-dialogue
other	ADJ	4	game-dialogue
short	ADJ	23	game-dialogue
dead	ADJ	21	game-dialogue
bad	ADJ	17	game-dialogue
different	ADJ	5	game-dialogue
final	ADJ	5	game-dialogue
enough	ADJ	3	game-dialogue
alive	ADJ	7	game-dialogue
last	ADJ	21	game-dialogue
true	ADJ	15	game-dialogue
true	ADJ	15	game-dialogue
sad	ADJ	3	game-dialogue
foggy	ADJ	4	game-dialogue
black	ADJ	22	game-dialogue
long	ADJ	12	game-dialogue
strange	ADJ	3	game-dialogue
other	ADJ	4	game-dialogue
short	ADJ	23	game-dialogue
wrong	ADJ	13	game-dialogue
dead	ADJ	21	game-dialogue
bad	ADJ	17	game-dialogue
final	ADJ	5	game-dialogue
enough	ADJ	3	game-dialogue
alive	ADJ	7	game-dialogue
last	ADJ	21	game-dialogue
whole	ADJ	8	game-dialogue
limp	ADJ	5	game-dialogue
black	ADJ	22	game-dialogue
real	ADJ	13	game-dialogue
afraid	ADJ	4	game-dialogue
short	ADJ	23	game-dialogue
underwater	ADJ	2	game-dialogue
black	ADJ	22	game-dialogue
long	ADJ	12	game-dialogue
strange	ADJ	3	game-dialogue
sorry	ADJ	4	game-dialogue
true	ADJ	15	game-dialogue
true	ADJ	15	game-dialogue
long	ADJ	12	game-dialogue
tired	ADJ	6	game-dialogue
final	ADJ	5	game-dialogue
enough	ADJ	3	game-dialogue
alive	ADJ	7	game-dialogue
last	ADJ	21	game-dialogue
sure	ADJ	10	game-dialogue
okay	ADJ	4	game-dialogue
black	ADJ	22	game-dialogue
long	ADJ	12	game-dialogue
strange	ADJ	3	game-dialogue
dead	ADJ	21	game-dialogue
final	ADJ	5	game-dialogue
enough	ADJ	3	game-dialogue
alive	ADJ	7	game-dialogue
last	ADJ	21	game-dialogue
peaceful	ADJ	2	game-dialogue
small	ADJ	13	game-dialogue
small	ADJ	13	game-dialogue
black	ADJ	22	game-dialogue
colorful	ADJ	3	game-dialogue
several	ADJ	3	game-dialogue
computerized	ADJ	3	game-dialogue
back	ADJ	28	game-dialogue
various	ADJ	4	game-dialogue
good	ADJ	27	game-dialogue
small	ADJ	13	game-dialogue
alone	ADJ	6	game-dialogue
scared	ADJ	4	game-dialogue
afraid	ADJ	4	game-dialogue
alive	ADJ	7	game-dialogue
little	ADJ	10	game-dialogue
nervous	ADJ	5	game-dialogue
other	ADJ	4	game-dialogue
necessary	ADJ	3	game-dialogue
tedious	ADJ	2	game-dialogue
alone	ADJ	6	game-dialogue
other	ADJ	4	game-dialogue
human	ADJ	4	game-dialogue
alone	ADJ	6	game-dialogue
insane	ADJ	2	game-dialogue
insane	ADJ	2	game-dialogue
insane	ADJ	2	game-dialogue
insane	ADJ	2	game-dialogue
satisfied	ADJ	5	game-dialogue
little	ADJ	10	game-dialogue
late	ADJ	11	game-dialogue
empty	ADJ	10	game-dialogue
sorry	ADJ	4	game-dialogue
sorry	ADJ	4	game-dialogue
funny	ADJ	5	game-dialogue
sure	ADJ	10	game-dialogue
sad	ADJ	3	game-dialogue
sorry	ADJ	4	game-dialogue
fine	ADJ	10	game-dialogue
huh	ADJ	0	game-dialogue
white	ADJ	25	game-dialogue
white	ADJ	25	game-dialogue
okay	ADJ	4	game-dialogue
impossible	ADJ	4	game-dialogue
much	ADJ	7	game-dialogue
white	ADJ	25	game-dialogue
only	ADJ	9	game-dialogue
sure	ADJ	10	game-dialogue
right	ADJ	36	game-dialogue
fine	ADJ	10	game-dialogue
dead	ADJ	21	game-dialogue
bad	ADJ	17	game-dialogue
kind	ADJ	4	game-dialogue
fine	ADJ	10	game-dialogue
empty	ADJ	10	game-dialogue
unwrapped	ADJ	3	game-dialogue
narrow	ADJ	10	game-dialogue
black	ADJ	22	game-dialogue
first	ADJ	16	game-dialogue
